timestamp,device_id,temperature_c,humidity_pct,power_kw,pressure_bar,vibration_mm_s
2026-07-01T00:00:00+00:00,hvac_01,18.14,62.106,1.233,2.508,0.851
2026-07-01T00:15:00+00:00,hvac_01,17.811,62.633,1.21,2.502,0.857
2026-07-01T00:30:00+00:00,hvac_01,18.169,63.389,1.348,2.51,0.843
2026-07-01T00:45:00+00:00,hvac_01,17.882,62.715,1.447,2.514,0.876
2026-07-01T01:00:00+00:00,hvac_01,18.217,61.382,1.203,2.523,0.884
2026-07-01T01:15:00+00:00,hvac_01,18.052,62.841,1.287,2.531,0.824
2026-07-01T01:30:00+00:00,hvac_01,18.244,61.292,0.857,2.517,0.783
2026-07-01T01:45:00+00:00,hvac_01,18.334,62.966,1.067,2.538,0.804
2026-07-01T02:00:00+00:00,hvac_01,18.154,62.099,1.267,2.54,0.883
2026-07-01T02:15:00+00:00,hvac_01,18.29,62.723,1.322,2.525,0.842
2026-07-01T02:30:00+00:00,hvac_01,18.158,62.441,1.212,2.562,0.827
2026-07-01T02:45:00+00:00,hvac_01,18.076,62.465,1.463,2.541,0.912
2026-07-01T03:00:00+00:00,hvac_01,18.697,61.554,1.037,2.529,0.87
2026-07-01T03:15:00+00:00,hvac_01,18.138,61.408,1.288,2.531,0.889
2026-07-01T03:30:00+00:00,hvac_01,18.663,62.964,1.343,2.526,0.851
2026-07-01T03:45:00+00:00,hvac_01,18.44,61.568,1.165,2.531,0.877
2026-07-01T04:00:00+00:00,hvac_01,18.558,60.247,0.974,2.517,0.81
2026-07-01T04:15:00+00:00,hvac_01,18.909,61.09,1.247,2.531,0.866
2026-07-01T04:30:00+00:00,hvac_01,19.162,60.481,1.291,2.513,0.897
2026-07-01T04:45:00+00:00,hvac_01,19.12,60.36,1.246,2.545,0.848
2026-07-01T05:00:00+00:00,hvac_01,19.503,59.065,1.173,2.504,0.847
2026-07-01T05:15:00+00:00,hvac_01,19.587,59.204,1.353,2.485,0.898
2026-07-01T05:30:00+00:00,hvac_01,19.521,57.675,1.156,2.509,0.912
2026-07-01T05:45:00+00:00,hvac_01,19.296,57.325,1.454,2.499,0.871
2026-07-01T06:00:00+00:00,hvac_01,19.681,56.215,1.283,2.485,0.897
2026-07-01T06:15:00+00:00,hvac_01,19.794,58.568,1.292,2.512,0.821
2026-07-01T06:30:00+00:00,hvac_01,19.902,56.526,1.512,2.471,0.926
2026-07-01T06:45:00+00:00,hvac_01,20.196,57.017,1.357,2.487,0.856
2026-07-01T07:00:00+00:00,hvac_01,20.929,53.667,3.821,2.507,1.124
2026-07-01T07:15:00+00:00,hvac_01,21.411,51.776,3.791,2.482,1.171
2026-07-01T07:30:00+00:00,hvac_01,21.796,52.518,3.682,2.481,1.149
2026-07-01T07:45:00+00:00,hvac_01,21.722,51.52,4.02,2.473,1.192
2026-07-01T08:00:00+00:00,hvac_01,22.028,52.1,3.903,2.496,1.164
2026-07-01T08:15:00+00:00,hvac_01,21.814,51.243,4.072,2.469,1.192
2026-07-01T08:30:00+00:00,hvac_01,22.271,50.295,3.686,2.47,1.14
2026-07-01T08:45:00+00:00,hvac_01,21.999,50.965,3.941,2.453,1.178
2026-07-01T09:00:00+00:00,hvac_01,22.211,48.66,3.992,2.464,1.14
2026-07-01T09:15:00+00:00,hvac_01,22.486,49.831,3.934,2.47,1.195
2026-07-01T09:30:00+00:00,hvac_01,22.326,49.356,3.965,2.493,1.098
2026-07-01T09:45:00+00:00,hvac_01,22.742,48.438,4.095,2.49,1.177
2026-07-01T10:00:00+00:00,hvac_01,23.183,47.981,4.317,2.464,1.178
2026-07-01T10:15:00+00:00,hvac_01,22.798,47.784,4.16,2.447,1.255
2026-07-01T10:30:00+00:00,hvac_01,22.835,49.103,3.991,2.479,1.277
2026-07-01T10:45:00+00:00,hvac_01,22.76,46.237,4.034,2.484,1.196
2026-07-01T11:00:00+00:00,hvac_01,23.308,46.979,4.067,2.477,1.219
2026-07-01T11:15:00+00:00,hvac_01,23.192,45.398,4.262,2.503,1.271
2026-07-01T11:30:00+00:00,hvac_01,23.269,47.019,4.108,2.481,1.182
2026-07-01T11:45:00+00:00,hvac_01,23.305,47.073,4.235,2.482,1.167
2026-07-01T12:00:00+00:00,hvac_01,22.98,46.991,3.846,2.496,1.167
2026-07-01T12:15:00+00:00,hvac_01,23.601,46.432,4.56,2.5,1.204
2026-07-01T12:30:00+00:00,hvac_01,23.14,47.527,4.398,2.515,1.329
2026-07-01T12:45:00+00:00,hvac_01,23.295,46.763,4.349,2.511,1.289
2026-07-01T13:00:00+00:00,hvac_01,23.638,45.141,4.363,2.523,1.237
2026-07-01T13:15:00+00:00,hvac_01,23.005,44.482,3.916,2.52,1.157
2026-07-01T13:30:00+00:00,hvac_01,23.365,45.729,4.144,2.5,1.197
2026-07-01T13:45:00+00:00,hvac_01,23.348,47.229,4.44,2.525,1.266
2026-07-01T14:00:00+00:00,hvac_01,23.205,46.027,4.194,2.523,1.116
2026-07-01T14:15:00+00:00,hvac_01,23.23,46.908,4.226,2.524,1.208
2026-07-01T14:30:00+00:00,hvac_01,23.525,46.921,4.308,2.527,1.202
2026-07-01T14:45:00+00:00,hvac_01,22.813,47.002,4.144,2.557,1.219
2026-07-01T15:00:00+00:00,hvac_01,23.254,46.773,4.389,2.521,1.224
2026-07-01T15:15:00+00:00,hvac_01,23.046,46.999,4.516,2.542,1.161
2026-07-01T15:30:00+00:00,hvac_01,22.995,47.581,4.199,2.539,1.206
2026-07-01T15:45:00+00:00,hvac_01,22.338,47.301,4.084,2.548,1.247
2026-07-01T16:00:00+00:00,hvac_01,23.09,46.928,4.347,2.507,1.266
2026-07-01T16:15:00+00:00,hvac_01,22.648,48.027,4.378,2.535,1.147
2026-07-01T16:30:00+00:00,hvac_01,22.551,48.744,4.06,2.519,1.226
2026-07-01T16:45:00+00:00,hvac_01,22.062,49.991,4.144,2.511,1.195
2026-07-01T17:00:00+00:00,hvac_01,22.303,49.611,4.053,2.519,1.145
2026-07-01T17:15:00+00:00,hvac_01,22.525,51.238,4.009,2.506,1.146
2026-07-01T17:30:00+00:00,hvac_01,22.283,50.943,4.018,2.507,1.196
2026-07-01T17:45:00+00:00,hvac_01,21.858,52.14,3.823,2.515,1.176
2026-07-01T18:00:00+00:00,hvac_01,21.727,51.319,3.709,2.491,1.106
2026-07-01T18:15:00+00:00,hvac_01,21.809,52.456,4.086,2.523,1.183
2026-07-01T18:30:00+00:00,hvac_01,21.143,52.681,3.839,2.473,1.146
2026-07-01T18:45:00+00:00,hvac_01,21.41,53.116,3.735,2.478,1.206
2026-07-01T19:00:00+00:00,hvac_01,20.174,55.119,1.194,2.494,0.84
2026-07-01T19:15:00+00:00,hvac_01,20.178,56.864,1.362,2.495,0.864
2026-07-01T19:30:00+00:00,hvac_01,20.185,56.144,1.191,2.49,0.893
2026-07-01T19:45:00+00:00,hvac_01,19.801,56.318,1.334,2.465,0.848
2026-07-01T20:00:00+00:00,hvac_01,19.524,57.955,0.932,2.474,0.842
2026-07-01T20:15:00+00:00,hvac_01,19.407,59.065,1.342,2.46,0.858
2026-07-01T20:30:00+00:00,hvac_01,19.56,57.49,1.2,2.459,0.868
2026-07-01T20:45:00+00:00,hvac_01,19.328,59.187,1.42,2.468,0.879
2026-07-01T21:00:00+00:00,hvac_01,18.894,60.176,1.329,2.482,0.854
2026-07-01T21:15:00+00:00,hvac_01,19.05,59.976,1.237,2.465,0.81
2026-07-01T21:30:00+00:00,hvac_01,19.114,60.953,1.42,2.493,0.879
2026-07-01T21:45:00+00:00,hvac_01,18.818,60.825,1.541,2.447,0.921
2026-07-01T22:00:00+00:00,hvac_01,18.402,59.118,0.947,2.453,0.876
2026-07-01T22:15:00+00:00,hvac_01,18.441,61.344,1.075,2.48,0.815
2026-07-01T22:30:00+00:00,hvac_01,18.835,61.05,1.135,2.477,0.861
2026-07-01T22:45:00+00:00,hvac_01,18.779,62.235,1.069,2.472,0.833
2026-07-01T23:00:00+00:00,hvac_01,18.552,62.712,1.232,2.493,0.852
2026-07-01T23:15:00+00:00,hvac_01,18.298,62.788,1.479,2.485,0.886
2026-07-01T23:30:00+00:00,hvac_01,18.042,63.402,1.162,2.495,0.797
2026-07-01T23:45:00+00:00,hvac_01,18.453,61.968,1.133,2.508,0.813
2026-07-02T00:00:00+00:00,hvac_01,18.166,63.242,1.1,2.516,0.909
2026-07-02T00:15:00+00:00,hvac_01,17.719,62.142,1.371,2.489,0.873
2026-07-02T00:30:00+00:00,hvac_01,18.159,63.941,1.217,2.51,0.842
2026-07-02T00:45:00+00:00,hvac_01,18.401,63.047,1.301,2.507,0.883
2026-07-02T01:00:00+00:00,hvac_01,18.076,63.336,1.098,2.527,0.906
2026-07-02T01:15:00+00:00,hvac_01,18.171,64.042,1.376,2.532,0.898
2026-07-02T01:30:00+00:00,hvac_01,18.177,64.106,1.26,2.513,0.876
2026-07-02T01:45:00+00:00,hvac_01,17.738,63.336,1.312,2.543,0.886
2026-07-02T02:00:00+00:00,hvac_01,18.389,63.236,1.096,2.513,0.823
2026-07-02T02:15:00+00:00,hvac_01,17.924,63.607,1.219,2.539,0.873
2026-07-02T02:30:00+00:00,hvac_01,18.503,63.781,1.153,2.531,0.845
2026-07-02T02:45:00+00:00,hvac_01,17.973,63.277,1.428,2.535,0.877
2026-07-02T03:00:00+00:00,hvac_01,18.635,60.635,1.277,2.537,0.857
2026-07-02T03:15:00+00:00,hvac_01,18.774,63.035,1.211,2.534,0.857
2026-07-02T03:30:00+00:00,hvac_01,18.435,60.931,1.457,2.546,0.925
2026-07-02T03:45:00+00:00,hvac_01,18.394,63.337,1.547,2.535,0.876
2026-07-02T04:00:00+00:00,hvac_01,18.538,61.677,1.113,2.53,0.898
2026-07-02T04:15:00+00:00,hvac_01,18.498,62.594,1.485,2.513,0.851
2026-07-02T04:30:00+00:00,hvac_01,18.873,59.791,1.21,2.494,0.863
2026-07-02T04:45:00+00:00,hvac_01,19.444,59.329,1.209,2.503,0.893
2026-07-02T05:00:00+00:00,hvac_01,19.115,61.364,1.281,2.513,0.898
2026-07-02T05:15:00+00:00,hvac_01,19.174,58.312,1.295,2.511,0.886
2026-07-02T05:30:00+00:00,hvac_01,19.494,58.533,1.313,2.53,0.844
2026-07-02T05:45:00+00:00,hvac_01,19.922,58.293,1.135,2.534,0.868
2026-07-02T06:00:00+00:00,hvac_01,19.973,58.676,0.998,2.501,0.829
2026-07-02T06:15:00+00:00,hvac_01,19.51,56.132,1.265,2.503,0.891
2026-07-02T06:30:00+00:00,hvac_01,19.874,56.431,1.102,2.484,0.823
2026-07-02T06:45:00+00:00,hvac_01,20.033,56.568,1.116,2.484,0.834
2026-07-02T07:00:00+00:00,hvac_01,21.215,54.706,3.877,2.488,1.107
2026-07-02T07:15:00+00:00,hvac_01,21.27,54.035,3.946,2.46,1.178
2026-07-02T07:30:00+00:00,hvac_01,21.755,53.187,3.836,2.481,1.169
2026-07-02T07:45:00+00:00,hvac_01,21.774,52.908,3.873,2.463,1.159
2026-07-02T08:00:00+00:00,hvac_01,22.035,52.213,3.837,2.464,1.188
2026-07-02T08:15:00+00:00,hvac_01,21.703,52.639,3.709,2.455,1.154
2026-07-02T08:30:00+00:00,hvac_01,22.049,51.693,4.026,2.461,1.197
2026-07-02T08:45:00+00:00,hvac_01,21.945,52.019,3.945,2.472,1.179
2026-07-02T09:00:00+00:00,hvac_01,22.094,50.321,3.958,2.465,1.179
2026-07-02T09:15:00+00:00,hvac_01,22.084,50.314,3.776,2.452,1.149
2026-07-02T09:30:00+00:00,hvac_01,22.087,50.333,4.008,2.466,1.145
2026-07-02T09:45:00+00:00,hvac_01,22.394,49.277,3.624,2.47,1.161
2026-07-02T10:00:00+00:00,hvac_01,22.633,48.648,4.099,2.474,1.228
2026-07-02T10:15:00+00:00,hvac_01,22.8,48.159,4.061,2.474,1.24
2026-07-02T10:30:00+00:00,hvac_01,22.813,47.561,4.004,2.45,1.191
2026-07-02T10:45:00+00:00,hvac_01,22.664,47.133,3.786,2.465,1.176
2026-07-02T11:00:00+00:00,hvac_01,22.748,46.464,4.138,2.478,1.21
2026-07-02T11:15:00+00:00,hvac_01,23.264,47.629,4.098,2.485,1.208
2026-07-02T11:30:00+00:00,hvac_01,23.03,46.286,4.376,2.486,1.206
2026-07-02T11:45:00+00:00,hvac_01,23.21,48.09,4.313,2.491,1.238
2026-07-02T12:00:00+00:00,hvac_01,23.719,48.236,4.553,2.487,1.372
2026-07-02T12:15:00+00:00,hvac_01,23.014,46.719,4.1,2.524,1.205
2026-07-02T12:30:00+00:00,hvac_01,22.986,47.153,4.277,2.505,1.167
2026-07-02T12:45:00+00:00,hvac_01,23.154,46.544,4.257,2.507,1.234
2026-07-02T13:00:00+00:00,hvac_01,23.11,45.494,4.127,2.534,1.174
2026-07-02T13:15:00+00:00,hvac_01,23.829,47.29,4.316,2.511,1.223
2026-07-02T13:30:00+00:00,hvac_01,23.042,48.847,4.066,2.533,1.238
2026-07-02T13:45:00+00:00,hvac_01,23.254,46.232,4.248,2.532,1.238
2026-07-02T14:00:00+00:00,hvac_01,23.26,46.022,4.297,2.522,1.136
2026-07-02T14:15:00+00:00,hvac_01,23.054,46.14,4.307,2.556,1.279
2026-07-02T14:30:00+00:00,hvac_01,23.033,47.087,4.315,2.547,1.2
2026-07-02T14:45:00+00:00,hvac_01,23.071,49.43,4.209,2.529,1.207
2026-07-02T15:00:00+00:00,hvac_01,23.166,47.08,4.221,2.521,1.194
2026-07-02T15:15:00+00:00,hvac_01,23.379,48.751,4.319,2.524,1.204
2026-07-02T15:30:00+00:00,hvac_01,23.117,47.995,4.458,2.517,1.22
2026-07-02T15:45:00+00:00,hvac_01,23.182,47.151,4.442,2.51,1.225
2026-07-02T16:00:00+00:00,hvac_01,22.667,49.753,3.61,2.507,1.117
2026-07-02T16:15:00+00:00,hvac_01,22.613,48.738,4.031,2.514,1.169
2026-07-02T16:30:00+00:00,hvac_01,22.312,50.028,4.047,2.542,1.162
2026-07-02T16:45:00+00:00,hvac_01,22.317,50.27,3.917,2.521,1.116
2026-07-02T17:00:00+00:00,hvac_01,22.352,49.917,3.83,2.498,1.202
2026-07-02T17:15:00+00:00,hvac_01,22.118,52.002,3.932,2.493,1.135
2026-07-02T17:30:00+00:00,hvac_01,22.191,50.917,3.753,2.507,1.147
2026-07-02T17:45:00+00:00,hvac_01,21.673,51.728,3.778,2.473,1.173
2026-07-02T18:00:00+00:00,hvac_01,21.586,53.502,3.677,2.481,1.186
2026-07-02T18:15:00+00:00,hvac_01,21.282,52.428,3.94,2.491,1.115
2026-07-02T18:30:00+00:00,hvac_01,21.537,53.265,4.043,2.498,1.291
2026-07-02T18:45:00+00:00,hvac_01,20.997,53.892,3.69,2.5,1.175
2026-07-02T19:00:00+00:00,hvac_01,20.387,55.577,1.138,2.458,0.925
2026-07-02T19:15:00+00:00,hvac_01,20.196,56.481,1.39,2.488,0.927
2026-07-02T19:30:00+00:00,hvac_01,19.59,56.606,1.279,2.48,0.914
2026-07-02T19:45:00+00:00,hvac_01,19.59,57.762,1.581,2.481,0.944
2026-07-02T20:00:00+00:00,hvac_01,19.674,58.752,1.521,2.471,0.95
2026-07-02T20:15:00+00:00,hvac_01,19.355,59.079,1.386,2.459,0.931
2026-07-02T20:30:00+00:00,hvac_01,19.27,58.421,1.25,2.489,0.888
2026-07-02T20:45:00+00:00,hvac_01,19.499,58.925,1.262,2.451,0.859
2026-07-02T21:00:00+00:00,hvac_01,19.356,59.912,1.468,2.463,0.894
2026-07-02T21:15:00+00:00,hvac_01,19.337,59.839,1.022,2.481,0.867
2026-07-02T21:30:00+00:00,hvac_01,18.468,60.791,1.189,2.487,0.845
2026-07-02T21:45:00+00:00,hvac_01,18.71,60.405,1.092,2.459,0.81
2026-07-02T22:00:00+00:00,hvac_01,18.511,60.205,1.025,2.451,0.834
2026-07-02T22:15:00+00:00,hvac_01,18.494,60.842,1.322,2.472,0.87
2026-07-02T22:30:00+00:00,hvac_01,18.455,63.407,1.286,2.481,0.791
2026-07-02T22:45:00+00:00,hvac_01,18.333,60.68,1.186,2.483,0.847
2026-07-02T23:00:00+00:00,hvac_01,18.519,61.856,1.336,2.464,0.877
2026-07-02T23:15:00+00:00,hvac_01,18.433,63.332,1.231,2.51,0.861
2026-07-02T23:30:00+00:00,hvac_01,18.184,60.896,1.515,2.487,0.865
2026-07-02T23:45:00+00:00,hvac_01,18.526,64.263,1.266,2.478,0.893
2026-07-03T00:00:00+00:00,hvac_01,18.059,62.478,1.407,2.474,0.914
2026-07-03T00:15:00+00:00,hvac_01,18.266,65.164,1.299,2.48,0.853
2026-07-03T00:30:00+00:00,hvac_01,18.156,63.885,1.397,2.486,0.882
2026-07-03T00:45:00+00:00,hvac_01,18.342,64.881,1.529,2.509,0.946
2026-07-03T01:00:00+00:00,hvac_01,18.501,64.618,1.359,2.527,0.861
2026-07-03T01:15:00+00:00,hvac_01,17.811,64.426,1.198,2.521,0.851
2026-07-03T01:30:00+00:00,hvac_01,18.056,63.775,1.097,2.526,0.868
2026-07-03T01:45:00+00:00,hvac_01,18.148,62.911,1.368,2.55,0.869
2026-07-03T02:00:00+00:00,hvac_01,18.468,64.103,0.852,2.521,0.811
2026-07-03T02:15:00+00:00,hvac_01,18.409,63.396,1.321,2.54,0.853
2026-07-03T02:30:00+00:00,hvac_01,18.121,62.091,1.224,2.532,0.88
2026-07-03T02:45:00+00:00,hvac_01,18.182,63.588,1.388,2.553,0.916
2026-07-03T03:00:00+00:00,hvac_01,18.448,63.166,1.341,2.527,0.932
2026-07-03T03:15:00+00:00,hvac_01,18.858,63.946,1.255,2.539,0.891
2026-07-03T03:30:00+00:00,hvac_01,18.559,62.571,1.232,2.531,0.936
2026-07-03T03:45:00+00:00,hvac_01,18.683,61.814,1.382,2.534,0.901
2026-07-03T04:00:00+00:00,hvac_01,18.727,60.444,1.245,2.517,0.883
2026-07-03T04:15:00+00:00,hvac_01,18.582,61.791,1.362,2.531,0.885
2026-07-03T04:30:00+00:00,hvac_01,19.039,59.102,1.085,2.523,0.87
2026-07-03T04:45:00+00:00,hvac_01,19.042,59.467,1.27,2.516,0.841
2026-07-03T05:00:00+00:00,hvac_01,19.249,59.682,1.429,2.525,0.921
2026-07-03T05:15:00+00:00,hvac_01,19.369,58.736,1.11,2.496,0.961
2026-07-03T05:30:00+00:00,hvac_01,19.186,58.793,1.196,2.506,0.849
2026-07-03T05:45:00+00:00,hvac_01,19.141,57.698,1.041,2.503,0.829
2026-07-03T06:00:00+00:00,hvac_01,19.532,58.195,1.163,2.511,0.852
2026-07-03T06:15:00+00:00,hvac_01,19.867,56.479,1.349,2.491,0.901
2026-07-03T06:30:00+00:00,hvac_01,20.026,56.911,1.283,2.486,0.926
2026-07-03T06:45:00+00:00,hvac_01,20.296,56.943,1.073,2.473,0.833
2026-07-03T07:00:00+00:00,hvac_01,21.174,54.619,3.716,2.497,1.147
2026-07-03T07:15:00+00:00,hvac_01,20.922,53.385,3.462,2.47,1.099
2026-07-03T07:30:00+00:00,hvac_01,21.368,53.011,3.791,2.468,1.207
2026-07-03T07:45:00+00:00,hvac_01,21.905,51.868,4.038,2.453,1.153
2026-07-03T08:00:00+00:00,hvac_01,22.107,50.506,3.974,2.455,1.169
2026-07-03T08:15:00+00:00,hvac_01,21.864,53.181,3.728,2.467,1.169
2026-07-03T08:30:00+00:00,hvac_01,21.976,50.7,3.841,2.467,1.191
2026-07-03T08:45:00+00:00,hvac_01,21.95,50.546,3.898,2.463,1.159
2026-07-03T09:00:00+00:00,hvac_01,22.275,49.909,3.826,2.47,1.119
2026-07-03T09:15:00+00:00,hvac_01,22.652,50.217,3.887,2.469,1.17
2026-07-03T09:30:00+00:00,hvac_01,22.675,50.565,4.031,2.458,1.159
2026-07-03T09:45:00+00:00,hvac_01,22.398,48.656,4.032,2.468,1.163
2026-07-03T10:00:00+00:00,hvac_01,22.552,49.166,3.968,2.457,1.168
2026-07-03T10:15:00+00:00,hvac_01,22.75,47.69,4.237,2.482,1.204
2026-07-03T10:30:00+00:00,hvac_01,22.924,48.65,4.169,2.486,1.253
2026-07-03T10:45:00+00:00,hvac_01,22.993,48.288,4.329,2.475,1.173
2026-07-03T11:00:00+00:00,hvac_01,23.247,46.415,4.555,2.493,1.244
2026-07-03T11:15:00+00:00,hvac_01,23.124,48.833,4.102,2.473,1.166
2026-07-03T11:30:00+00:00,hvac_01,23.112,46.418,4.262,2.493,1.176
2026-07-03T11:45:00+00:00,hvac_01,23.571,45.93,4.208,2.5,1.191
2026-07-03T12:00:00+00:00,hvac_01,23.35,46.399,4.168,2.492,1.17
2026-07-03T12:15:00+00:00,hvac_01,23.405,46.391,4.456,2.512,1.262
2026-07-03T12:30:00+00:00,hvac_01,23.51,47.316,4.494,2.503,1.221
2026-07-03T12:45:00+00:00,hvac_01,22.923,46.866,4.072,2.518,1.202
2026-07-03T13:00:00+00:00,hvac_01,23.033,45.798,4.159,2.511,1.199
2026-07-03T13:15:00+00:00,hvac_01,23.072,46.656,3.972,2.495,1.197
2026-07-03T13:30:00+00:00,hvac_01,23.026,46.211,3.996,2.508,1.161
2026-07-03T13:45:00+00:00,hvac_01,23.2,47.517,4.338,2.525,1.238
2026-07-03T14:00:00+00:00,hvac_01,23.505,47.164,4.316,2.543,1.271
2026-07-03T14:15:00+00:00,hvac_01,23.365,48.387,4.467,2.543,1.188
2026-07-03T14:30:00+00:00,hvac_01,22.926,47.096,3.924,2.527,1.196
2026-07-03T14:45:00+00:00,hvac_01,22.968,47.756,3.986,2.529,1.209
2026-07-03T15:00:00+00:00,hvac_01,23.096,47.786,4.489,2.551,1.197
2026-07-03T15:15:00+00:00,hvac_01,23.268,47.312,4.291,2.535,1.244
2026-07-03T15:30:00+00:00,hvac_01,22.649,48.444,4.156,2.544,1.184
2026-07-03T15:45:00+00:00,hvac_01,23.031,47.816,4.383,2.537,1.167
2026-07-03T16:00:00+00:00,hvac_01,22.807,48.856,4.079,2.521,1.174
2026-07-03T16:15:00+00:00,hvac_01,22.299,50.415,3.786,2.52,1.19
2026-07-03T16:30:00+00:00,hvac_01,22.639,50.01,4.301,2.521,1.17
2026-07-03T16:45:00+00:00,hvac_01,22.585,50.461,4.006,2.506,1.217
2026-07-03T17:00:00+00:00,hvac_01,22.409,49.134,4.11,2.5,1.168
2026-07-03T17:15:00+00:00,hvac_01,21.914,50.147,3.725,2.506,1.168
2026-07-03T17:30:00+00:00,hvac_01,22.101,51.598,4.049,2.505,1.181
2026-07-03T17:45:00+00:00,hvac_01,22.026,52.912,3.994,2.521,1.208
2026-07-03T18:00:00+00:00,hvac_01,22.009,50.579,3.985,2.503,1.173
2026-07-03T18:15:00+00:00,hvac_01,21.527,52.136,3.912,2.506,1.11
2026-07-03T18:30:00+00:00,hvac_01,21.555,52.503,3.707,2.496,1.128
2026-07-03T18:45:00+00:00,hvac_01,21.226,52.816,3.892,2.486,1.122
2026-07-03T19:00:00+00:00,hvac_01,20.048,55.567,1.311,2.47,0.893
2026-07-03T19:15:00+00:00,hvac_01,19.915,58.376,1.109,2.469,0.86
2026-07-03T19:30:00+00:00,hvac_01,19.761,57.335,1.52,2.471,0.905
2026-07-03T19:45:00+00:00,hvac_01,19.71,57.148,1.465,2.483,0.861
2026-07-03T20:00:00+00:00,hvac_01,20.031,58.547,1.323,2.462,0.879
2026-07-03T20:15:00+00:00,hvac_01,19.384,58.452,1.203,2.441,0.896
2026-07-03T20:30:00+00:00,hvac_01,19.473,59.39,1.23,2.468,0.905
2026-07-03T20:45:00+00:00,hvac_01,19.391,59.195,1.732,2.463,0.927
2026-07-03T21:00:00+00:00,hvac_01,19.566,58.744,1.094,2.448,0.87
2026-07-03T21:15:00+00:00,hvac_01,19.206,60.389,1.047,2.477,0.888
2026-07-03T21:30:00+00:00,hvac_01,18.935,60.211,1.351,2.471,0.901
2026-07-03T21:45:00+00:00,hvac_01,18.611,60.415,1.068,2.475,0.866
2026-07-03T22:00:00+00:00,hvac_01,18.728,61.141,1.017,2.48,0.825
2026-07-03T22:15:00+00:00,hvac_01,18.685,62.121,1.137,2.487,0.859
2026-07-03T22:30:00+00:00,hvac_01,18.575,61.975,1.063,2.482,0.849
2026-07-03T22:45:00+00:00,hvac_01,18.717,61.633,1.196,2.483,0.859
2026-07-03T23:00:00+00:00,hvac_01,18.159,61.901,1.44,2.481,0.857
2026-07-03T23:15:00+00:00,hvac_01,18.51,60.795,0.932,2.487,0.838
2026-07-03T23:30:00+00:00,hvac_01,18.344,61.756,1.227,2.474,0.872
2026-07-03T23:45:00+00:00,hvac_01,17.892,62.513,1.289,2.474,0.852
2026-07-04T00:00:00+00:00,hvac_01,18.381,64.004,1.024,2.504,0.798
2026-07-04T00:15:00+00:00,hvac_01,17.881,64.143,1.35,2.495,0.885
2026-07-04T00:30:00+00:00,hvac_01,18.295,63.081,1.587,2.516,0.798
2026-07-04T00:45:00+00:00,hvac_01,18.077,62.385,1.219,2.514,0.84
2026-07-04T01:00:00+00:00,hvac_01,17.898,64.071,1.34,2.509,0.899
2026-07-04T01:15:00+00:00,hvac_01,18.29,63.967,1.092,2.531,0.827
2026-07-04T01:30:00+00:00,hvac_01,18.409,62.741,0.909,2.525,0.765
2026-07-04T01:45:00+00:00,hvac_01,18.129,62.758,1.19,2.51,0.819
2026-07-04T02:00:00+00:00,hvac_01,18.023,62.484,1.443,2.539,0.87
2026-07-04T02:15:00+00:00,hvac_01,18.529,61.435,1.353,2.53,0.884
2026-07-04T02:30:00+00:00,hvac_01,18.438,61.803,1.37,2.534,0.962
2026-07-04T02:45:00+00:00,hvac_01,18.287,63.149,1.347,2.521,0.923
2026-07-04T03:00:00+00:00,hvac_01,18.186,60.106,1.378,2.548,0.88
2026-07-04T03:15:00+00:00,hvac_01,18.434,62.889,1.357,2.527,0.901
2026-07-04T03:30:00+00:00,hvac_01,18.298,60.878,1.092,2.507,0.805
2026-07-04T03:45:00+00:00,hvac_01,18.928,60.125,1.167,2.518,0.885
2026-07-04T04:00:00+00:00,hvac_01,18.753,61.05,1.234,2.516,0.828
2026-07-04T04:15:00+00:00,hvac_01,19.038,60.242,1.366,2.49,0.915
2026-07-04T04:30:00+00:00,hvac_01,18.851,61.636,1.173,2.525,0.878
2026-07-04T04:45:00+00:00,hvac_01,18.879,60.186,1.153,2.537,0.88
2026-07-04T05:00:00+00:00,hvac_01,19.298,58.481,1.218,2.521,0.788
2026-07-04T05:15:00+00:00,hvac_01,19.188,59.367,1.06,2.529,0.82
2026-07-04T05:30:00+00:00,hvac_01,19.506,57.241,1.323,2.515,0.91
2026-07-04T05:45:00+00:00,hvac_01,19.862,58.692,1.281,2.49,0.912
2026-07-04T06:00:00+00:00,hvac_01,19.409,56.857,1.361,2.505,0.93
2026-07-04T06:15:00+00:00,hvac_01,19.829,55.367,1.209,2.498,0.845
2026-07-04T06:30:00+00:00,hvac_01,20.276,56.026,1.035,2.497,0.798
2026-07-04T06:45:00+00:00,hvac_01,20.476,55.941,1.04,2.5,0.921
2026-07-04T07:00:00+00:00,hvac_01,19.799,55.946,1.323,2.485,0.881
2026-07-04T07:15:00+00:00,hvac_01,20.485,54.167,1.462,2.462,0.953
2026-07-04T07:30:00+00:00,hvac_01,20.85,53.273,1.249,2.492,0.844
2026-07-04T07:45:00+00:00,hvac_01,20.614,53.405,1.425,2.465,0.88
2026-07-04T08:00:00+00:00,hvac_01,20.902,53.072,1.12,2.454,0.793
2026-07-04T08:15:00+00:00,hvac_01,20.656,51.381,1.141,2.471,0.85
2026-07-04T08:30:00+00:00,hvac_01,20.862,51.472,1.101,2.45,0.8
2026-07-04T08:45:00+00:00,hvac_01,21.326,50.705,1.253,2.458,0.945
2026-07-04T09:00:00+00:00,hvac_01,20.895,51.539,1.2,2.456,0.865
2026-07-04T09:15:00+00:00,hvac_01,21.442,50.101,1.314,2.47,0.912
2026-07-04T09:30:00+00:00,hvac_01,21.385,51.723,1.22,2.442,0.874
2026-07-04T09:45:00+00:00,hvac_01,21.608,49.45,1.39,2.462,0.91
2026-07-04T10:00:00+00:00,hvac_01,21.708,50.387,1.352,2.475,0.834
2026-07-04T10:15:00+00:00,hvac_01,22.022,49.457,1.558,2.478,0.919
2026-07-04T10:30:00+00:00,hvac_01,21.739,48.792,1.265,2.461,0.819
2026-07-04T10:45:00+00:00,hvac_01,21.964,48.758,1.28,2.492,0.848
2026-07-04T11:00:00+00:00,hvac_01,22.21,48.434,1.294,2.486,0.791
2026-07-04T11:15:00+00:00,hvac_01,22.14,47.797,1.159,2.464,0.833
2026-07-04T11:30:00+00:00,hvac_01,21.769,48.789,1.214,2.471,0.83
2026-07-04T11:45:00+00:00,hvac_01,22.397,47.433,1.347,2.491,0.864
2026-07-04T12:00:00+00:00,hvac_01,21.896,47.719,1.166,2.535,0.841
2026-07-04T12:15:00+00:00,hvac_01,22.202,48.424,1.297,2.508,0.832
2026-07-04T12:30:00+00:00,hvac_01,22.666,47.04,1.54,2.523,0.878
2026-07-04T12:45:00+00:00,hvac_01,22.338,47.952,1.471,2.5,0.888
2026-07-04T13:00:00+00:00,hvac_01,22.135,46.859,1.2,2.532,0.907
2026-07-04T13:15:00+00:00,hvac_01,22.911,47.415,1.443,2.51,0.934
2026-07-04T13:30:00+00:00,hvac_01,21.986,47.243,1.165,2.546,0.812
2026-07-04T13:45:00+00:00,hvac_01,22.545,48.616,1.416,2.533,0.821
2026-07-04T14:00:00+00:00,hvac_01,22.252,47.494,0.951,2.535,0.836
2026-07-04T14:15:00+00:00,hvac_01,21.859,46.667,1.138,2.526,0.833
2026-07-04T14:30:00+00:00,hvac_01,21.973,47.153,1.296,2.528,0.857
2026-07-04T14:45:00+00:00,hvac_01,22.076,48.516,1.254,2.545,0.859
2026-07-04T15:00:00+00:00,hvac_01,22.258,49.368,1.121,2.546,0.903
2026-07-04T15:15:00+00:00,hvac_01,21.776,48.593,1.196,2.54,0.867
2026-07-04T15:30:00+00:00,hvac_01,21.763,49.943,1.121,2.532,0.877
2026-07-04T15:45:00+00:00,hvac_01,22.252,48.783,1.456,2.535,0.822
2026-07-04T16:00:00+00:00,hvac_01,21.519,48.554,1.175,2.525,0.847
2026-07-04T16:15:00+00:00,hvac_01,21.91,50.203,1.648,2.525,0.926
2026-07-04T16:30:00+00:00,hvac_01,21.614,51.439,1.193,2.535,0.905
2026-07-04T16:45:00+00:00,hvac_01,21.252,50.561,1.326,2.516,0.832
2026-07-04T17:00:00+00:00,hvac_01,21.698,50.843,1.51,2.511,0.875
2026-07-04T17:15:00+00:00,hvac_01,21.349,51.284,1.115,2.505,0.848
2026-07-04T17:30:00+00:00,hvac_01,20.902,51.955,0.911,2.502,0.81
2026-07-04T17:45:00+00:00,hvac_01,20.807,51.538,1.117,2.505,0.891
2026-07-04T18:00:00+00:00,hvac_01,20.481,52.571,1.397,2.504,0.866
2026-07-04T18:15:00+00:00,hvac_01,20.556,53.269,1.235,2.469,0.826
2026-07-04T18:30:00+00:00,hvac_01,20.09,54.765,1.373,2.481,0.894
2026-07-04T18:45:00+00:00,hvac_01,20.921,53.711,1.445,2.491,0.866
2026-07-04T19:00:00+00:00,hvac_01,20.002,54.245,1.191,2.455,0.864
2026-07-04T19:15:00+00:00,hvac_01,20.037,55.537,1.187,2.515,0.787
2026-07-04T19:30:00+00:00,hvac_01,19.766,56.211,1.604,2.463,0.955
2026-07-04T19:45:00+00:00,hvac_01,19.634,57.155,1.261,2.499,0.915
2026-07-04T20:00:00+00:00,hvac_01,19.56,58.936,1.081,2.466,0.896
2026-07-04T20:15:00+00:00,hvac_01,19.409,56.533,1.27,2.473,0.867
2026-07-04T20:30:00+00:00,hvac_01,19.279,57.653,1.346,2.484,0.873
2026-07-04T20:45:00+00:00,hvac_01,19.042,57.954,1.157,2.481,0.782
2026-07-04T21:00:00+00:00,hvac_01,19.32,57.501,1.441,2.474,0.88
2026-07-04T21:15:00+00:00,hvac_01,19.191,58.49,1.351,2.465,0.887
2026-07-04T21:30:00+00:00,hvac_01,18.981,57.163,1.173,2.484,0.893
2026-07-04T21:45:00+00:00,hvac_01,18.885,59.416,1.2,2.475,0.865
2026-07-04T22:00:00+00:00,hvac_01,18.547,60.394,1.435,2.458,0.864
2026-07-04T22:15:00+00:00,hvac_01,18.77,60.768,1.187,2.466,0.827
2026-07-04T22:30:00+00:00,hvac_01,18.666,60.834,1.247,2.459,0.811
2026-07-04T22:45:00+00:00,hvac_01,18.641,59.79,1.284,2.474,0.832
2026-07-04T23:00:00+00:00,hvac_01,18.435,62.356,1.293,2.479,0.803
2026-07-04T23:15:00+00:00,hvac_01,18.477,62.146,1.341,2.501,0.876
2026-07-04T23:30:00+00:00,hvac_01,18.021,61.393,1.329,2.5,0.841
2026-07-04T23:45:00+00:00,hvac_01,18.245,61.884,1.441,2.507,0.893
2026-07-05T00:00:00+00:00,hvac_01,18.307,60.904,1.085,2.499,0.867
2026-07-05T00:15:00+00:00,hvac_01,18.275,62.274,1.025,2.487,0.863
2026-07-05T00:30:00+00:00,hvac_01,18.159,60.844,1.382,2.512,0.966
2026-07-05T00:45:00+00:00,hvac_01,18.428,62.211,1.227,2.516,0.842
2026-07-05T01:00:00+00:00,hvac_01,17.832,62.681,1.291,2.484,0.83
2026-07-05T01:15:00+00:00,hvac_01,17.971,62.698,1.243,2.539,0.792
2026-07-05T01:30:00+00:00,hvac_01,17.93,62.709,1.152,2.512,0.819
2026-07-05T01:45:00+00:00,hvac_01,18.022,62.197,1.418,2.509,0.856
2026-07-05T02:00:00+00:00,hvac_01,18.224,61.71,1.375,2.532,0.841
2026-07-05T02:15:00+00:00,hvac_01,18.016,60.033,1.194,2.533,0.873
2026-07-05T02:30:00+00:00,hvac_01,18.226,63.169,1.239,2.528,0.859
2026-07-05T02:45:00+00:00,hvac_01,18.152,61.265,0.94,2.543,0.815
2026-07-05T03:00:00+00:00,hvac_01,18.477,60.981,1.059,2.524,0.881
2026-07-05T03:15:00+00:00,hvac_01,18.612,60.11,1.313,2.54,0.922
2026-07-05T03:30:00+00:00,hvac_01,18.828,60.622,1.183,2.555,0.836
2026-07-05T03:45:00+00:00,hvac_01,18.479,58.996,1.121,2.528,0.859
2026-07-05T04:00:00+00:00,hvac_01,18.966,60.548,1.273,2.54,0.928
2026-07-05T04:15:00+00:00,hvac_01,19.066,60.542,1.023,2.519,0.795
2026-07-05T04:30:00+00:00,hvac_01,18.383,58.93,1.459,2.518,0.876
2026-07-05T04:45:00+00:00,hvac_01,18.896,58.07,1.293,2.507,0.892
2026-07-05T05:00:00+00:00,hvac_01,18.778,58.295,1.176,2.535,0.864
2026-07-05T05:15:00+00:00,hvac_01,18.863,55.658,1.1,2.507,0.822
2026-07-05T05:30:00+00:00,hvac_01,19.454,57.678,1.045,2.487,0.832
2026-07-05T05:45:00+00:00,hvac_01,19.496,56.589,1.154,2.502,0.887
2026-07-05T06:00:00+00:00,hvac_01,19.35,55.213,1.346,2.519,0.848
2026-07-05T06:15:00+00:00,hvac_01,19.564,54.105,1.289,2.48,0.925
2026-07-05T06:30:00+00:00,hvac_01,20.492,55.394,1.323,2.49,0.893
2026-07-05T06:45:00+00:00,hvac_01,20.113,54.767,1.454,2.494,0.942
2026-07-05T07:00:00+00:00,hvac_01,19.891,53.773,1.114,2.493,0.812
2026-07-05T07:15:00+00:00,hvac_01,20.521,52.783,1.236,2.506,0.9
2026-07-05T07:30:00+00:00,hvac_01,20.113,53.513,1.374,2.469,0.819
2026-07-05T07:45:00+00:00,hvac_01,20.807,52.81,1.333,2.47,0.935
2026-07-05T08:00:00+00:00,hvac_01,20.594,51.846,1.327,2.478,0.804
2026-07-05T08:15:00+00:00,hvac_01,21.213,50.598,1.251,2.464,0.819
2026-07-05T08:30:00+00:00,hvac_01,21.305,49.42,1.14,2.455,0.862
2026-07-05T08:45:00+00:00,hvac_01,21.522,51.463,1.459,2.439,0.872
2026-07-05T09:00:00+00:00,hvac_01,20.998,50.101,1.287,2.466,0.896
2026-07-05T09:15:00+00:00,hvac_01,20.984,49.308,1.028,2.446,0.854
2026-07-05T09:30:00+00:00,hvac_01,21.571,50.815,1.428,2.467,0.829
2026-07-05T09:45:00+00:00,hvac_01,21.856,48.63,1.07,2.454,0.827
2026-07-05T10:00:00+00:00,hvac_01,22.016,48.859,1.439,2.471,0.849
2026-07-05T10:15:00+00:00,hvac_01,22.431,49.931,1.43,2.462,0.806
2026-07-05T10:30:00+00:00,hvac_01,22.008,47.951,1.323,2.479,0.866
2026-07-05T10:45:00+00:00,hvac_01,22.251,48.113,1.229,2.469,0.861
2026-07-05T11:00:00+00:00,hvac_01,21.836,48.17,1.357,2.482,0.827
2026-07-05T11:15:00+00:00,hvac_01,21.746,46.457,1.006,2.487,0.8
2026-07-05T11:30:00+00:00,hvac_01,21.991,47.845,1.269,2.492,0.864
2026-07-05T11:45:00+00:00,hvac_01,22.47,45.685,1.521,2.474,0.844
2026-07-05T12:00:00+00:00,hvac_01,22.505,47.37,1.527,2.502,0.922
2026-07-05T12:15:00+00:00,hvac_01,21.975,46.455,1.257,2.529,0.878
2026-07-05T12:30:00+00:00,hvac_01,22.565,46.003,1.785,2.515,0.865
2026-07-05T12:45:00+00:00,hvac_01,22.866,45.416,1.423,2.511,0.826
2026-07-05T13:00:00+00:00,hvac_01,22.47,46.756,1.432,2.54,0.804
2026-07-05T13:15:00+00:00,hvac_01,22.651,45.884,1.697,2.544,0.971
2026-07-05T13:30:00+00:00,hvac_01,22.295,45.655,1.402,2.524,0.796
2026-07-05T13:45:00+00:00,hvac_01,22.476,45.921,1.633,2.539,0.873
2026-07-05T14:00:00+00:00,hvac_01,22.291,46.57,1.283,2.567,0.812
2026-07-05T14:15:00+00:00,hvac_01,22.256,47.693,1.282,2.525,0.798
2026-07-05T14:30:00+00:00,hvac_01,22.458,47.637,1.481,2.516,0.884
2026-07-05T14:45:00+00:00,hvac_01,22.202,46.993,1.114,2.534,0.795
2026-07-05T15:00:00+00:00,hvac_01,22.092,47.539,1.231,2.546,0.836
2026-07-05T15:15:00+00:00,hvac_01,22.118,48.077,1.443,2.523,0.85
2026-07-05T15:30:00+00:00,hvac_01,22.125,48.145,1.462,2.543,0.848
2026-07-05T15:45:00+00:00,hvac_01,22.028,48.122,1.403,2.555,0.895
2026-07-05T16:00:00+00:00,hvac_01,22.245,47.416,1.253,2.527,0.827
2026-07-05T16:15:00+00:00,hvac_01,21.723,48.716,1.416,2.54,0.873
2026-07-05T16:30:00+00:00,hvac_01,21.312,49.822,1.351,2.529,0.852
2026-07-05T16:45:00+00:00,hvac_01,21.731,49.339,1.195,2.529,0.852
2026-07-05T17:00:00+00:00,hvac_01,21.494,49.962,1.053,2.503,0.803
2026-07-05T17:15:00+00:00,hvac_01,21.36,51.251,0.978,2.52,0.807
2026-07-05T17:30:00+00:00,hvac_01,20.831,52.811,1.29,2.519,0.934
2026-07-05T17:45:00+00:00,hvac_01,20.804,51.196,1.473,2.489,0.867
2026-07-05T18:00:00+00:00,hvac_01,20.811,52.754,1.311,2.489,0.88
2026-07-05T18:15:00+00:00,hvac_01,20.853,51.61,1.147,2.489,0.788
2026-07-05T18:30:00+00:00,hvac_01,20.766,52.671,1.208,2.478,0.821
2026-07-05T18:45:00+00:00,hvac_01,20.721,54.013,1.007,2.475,0.835
2026-07-05T19:00:00+00:00,hvac_01,20.148,53.458,1.121,2.467,0.828
2026-07-05T19:15:00+00:00,hvac_01,20.037,55.299,1.24,2.467,0.862
2026-07-05T19:30:00+00:00,hvac_01,20.28,54.282,0.995,2.47,0.764
2026-07-05T19:45:00+00:00,hvac_01,20.209,54.24,1.201,2.49,0.864
2026-07-05T20:00:00+00:00,hvac_01,19.601,55.198,1.223,2.467,0.888
2026-07-05T20:15:00+00:00,hvac_01,19.549,55.21,1.398,2.48,0.847
2026-07-05T20:30:00+00:00,hvac_01,19.624,56.786,1.069,2.465,0.779
2026-07-05T20:45:00+00:00,hvac_01,19.19,56.437,1.3,2.468,0.798
2026-07-05T21:00:00+00:00,hvac_01,19.006,57.615,1.32,2.466,0.769
2026-07-05T21:15:00+00:00,hvac_01,19.375,59.448,1.488,2.472,0.888
2026-07-05T21:30:00+00:00,hvac_01,18.836,58.577,1.08,2.468,0.77
2026-07-05T21:45:00+00:00,hvac_01,19.003,58.518,1.365,2.47,0.835
2026-07-05T22:00:00+00:00,hvac_01,18.96,58.218,1.21,2.463,0.86
2026-07-05T22:15:00+00:00,hvac_01,18.664,59.705,1.329,2.444,0.815
2026-07-05T22:30:00+00:00,hvac_01,18.619,60.607,1.336,2.491,0.84
2026-07-05T22:45:00+00:00,hvac_01,18.535,59.68,1.185,2.469,0.812
2026-07-05T23:00:00+00:00,hvac_01,18.399,59.815,1.254,2.461,0.854
2026-07-05T23:15:00+00:00,hvac_01,18.415,60.922,1.18,2.481,0.865
2026-07-05T23:30:00+00:00,hvac_01,18.286,62.354,1.039,2.488,0.775
2026-07-05T23:45:00+00:00,hvac_01,18.098,60.303,1.178,2.505,0.79
2026-07-06T00:00:00+00:00,hvac_01,18.366,59.922,1.189,2.516,0.847
2026-07-06T00:15:00+00:00,hvac_01,18.26,61.688,1.336,2.512,0.897
2026-07-06T00:30:00+00:00,hvac_01,17.95,61.205,1.346,2.518,0.868
2026-07-06T00:45:00+00:00,hvac_01,18.452,60.906,1.048,2.529,0.816
2026-07-06T01:00:00+00:00,hvac_01,18.04,61.35,1.185,2.53,0.862
2026-07-06T01:15:00+00:00,hvac_01,18.234,61.736,1.255,2.534,0.756
2026-07-06T01:30:00+00:00,hvac_01,17.922,61.221,1.188,2.513,0.853
2026-07-06T01:45:00+00:00,hvac_01,17.986,61.345,1.269,2.528,0.811
2026-07-06T02:00:00+00:00,hvac_01,18.19,62.039,1.332,2.542,0.844
2026-07-06T02:15:00+00:00,hvac_01,17.898,60.541,1.227,2.548,0.875
2026-07-06T02:30:00+00:00,hvac_01,18.415,60.054,1.269,2.531,0.831
2026-07-06T02:45:00+00:00,hvac_01,18.107,60.907,1.246,2.544,0.786
2026-07-06T03:00:00+00:00,hvac_01,18.195,63.22,1.118,2.538,0.838
2026-07-06T03:15:00+00:00,hvac_01,18.299,61.424,1.24,2.536,0.9
2026-07-06T03:30:00+00:00,hvac_01,18.422,59.365,1.198,2.517,0.842
2026-07-06T03:45:00+00:00,hvac_01,18.787,59.59,1.348,2.543,0.86
2026-07-06T04:00:00+00:00,hvac_01,18.724,60.083,1.146,2.547,0.819
2026-07-06T04:15:00+00:00,hvac_01,19.046,60.209,0.91,2.525,0.786
2026-07-06T04:30:00+00:00,hvac_01,19.359,58.042,1.659,2.506,0.895
2026-07-06T04:45:00+00:00,hvac_01,19.011,58.372,1.165,2.516,0.764
2026-07-06T05:00:00+00:00,hvac_01,19.236,56.353,1.054,2.519,0.812
2026-07-06T05:15:00+00:00,hvac_01,19.56,56.035,1.313,2.517,0.834
2026-07-06T05:30:00+00:00,hvac_01,19.282,56.607,1.383,2.505,0.882
2026-07-06T05:45:00+00:00,hvac_01,19.528,57.591,1.254,2.502,0.782
2026-07-06T06:00:00+00:00,hvac_01,19.406,56.046,1.216,2.503,0.81
2026-07-06T06:15:00+00:00,hvac_01,19.82,54.764,1.294,2.493,0.908
2026-07-06T06:30:00+00:00,hvac_01,19.838,55.674,1.092,2.485,0.791
2026-07-06T06:45:00+00:00,hvac_01,20.403,54.641,1.271,2.489,0.802
2026-07-06T07:00:00+00:00,hvac_01,21.572,53.112,3.845,2.483,1.146
2026-07-06T07:15:00+00:00,hvac_01,21.362,51.351,3.776,2.475,1.099
2026-07-06T07:30:00+00:00,hvac_01,21.698,50.76,3.786,2.468,1.064
2026-07-06T07:45:00+00:00,hvac_01,22.017,50.946,3.986,2.466,1.189
2026-07-06T08:00:00+00:00,hvac_01,21.839,51.224,3.848,2.469,1.105
2026-07-06T08:15:00+00:00,hvac_01,21.956,49.773,4.074,2.486,1.151
2026-07-06T08:30:00+00:00,hvac_01,22.336,46.961,3.897,2.469,1.16
2026-07-06T08:45:00+00:00,hvac_01,22.286,48.644,3.881,2.456,1.194
2026-07-06T09:00:00+00:00,hvac_01,22.561,49.304,4.048,2.459,1.165
2026-07-06T09:15:00+00:00,hvac_01,22.426,47.74,3.995,2.458,1.109
2026-07-06T09:30:00+00:00,hvac_01,22.49,46.336,4.111,2.476,1.125
2026-07-06T09:45:00+00:00,hvac_01,22.247,47.382,3.972,2.468,1.09
2026-07-06T10:00:00+00:00,hvac_01,22.328,48.079,3.932,2.476,1.13
2026-07-06T10:15:00+00:00,hvac_01,22.935,45.354,4.11,2.456,1.114
2026-07-06T10:30:00+00:00,hvac_01,22.775,44.622,4.052,2.467,1.105
2026-07-06T10:45:00+00:00,hvac_01,22.982,45.774,4.068,2.503,1.173
2026-07-06T11:00:00+00:00,hvac_01,23.331,45.263,4.45,2.492,1.154
2026-07-06T11:15:00+00:00,hvac_01,22.999,47.629,4.138,2.492,1.148
2026-07-06T11:30:00+00:00,hvac_01,23.389,44.301,4.185,2.505,1.168
2026-07-06T11:45:00+00:00,hvac_01,22.709,44.944,4.071,2.504,1.16
2026-07-06T12:00:00+00:00,hvac_01,23.37,44.856,4.373,2.486,1.153
2026-07-06T12:15:00+00:00,hvac_01,23.138,43.604,4.367,2.517,1.202
2026-07-06T12:30:00+00:00,hvac_01,23.216,44.17,4.21,2.522,1.182
2026-07-06T12:45:00+00:00,hvac_01,23.744,43.778,4.427,2.498,1.138
2026-07-06T13:00:00+00:00,hvac_01,23.332,44.272,4.239,2.499,1.174
2026-07-06T13:15:00+00:00,hvac_01,23.3,45.292,4.387,2.506,1.197
2026-07-06T13:30:00+00:00,hvac_01,23.217,45.837,4.272,2.519,1.156
2026-07-06T13:45:00+00:00,hvac_01,22.996,45.714,4.517,2.507,1.189
2026-07-06T14:00:00+00:00,hvac_01,23.271,44.333,4.478,2.545,1.185
2026-07-06T14:15:00+00:00,hvac_01,23.711,44.981,4.413,2.536,1.16
2026-07-06T14:30:00+00:00,hvac_01,23.527,45.624,4.331,2.532,1.146
2026-07-06T14:45:00+00:00,hvac_01,23.209,44.302,4.273,2.528,1.191
2026-07-06T15:00:00+00:00,hvac_01,23.316,46.202,4.292,2.526,1.163
2026-07-06T15:15:00+00:00,hvac_01,23.01,46.225,4.118,2.523,1.16
2026-07-06T15:30:00+00:00,hvac_01,23.233,47.623,4.4,2.522,1.235
2026-07-06T15:45:00+00:00,hvac_01,22.661,45.824,4.145,2.516,1.185
2026-07-06T16:00:00+00:00,hvac_01,22.741,47.099,3.986,2.54,1.158
2026-07-06T16:15:00+00:00,hvac_01,22.573,47.898,3.651,2.532,1.099
2026-07-06T16:30:00+00:00,hvac_01,22.372,47.667,4.055,2.516,1.143
2026-07-06T16:45:00+00:00,hvac_01,22.426,48.243,4.183,2.516,1.208
2026-07-06T17:00:00+00:00,hvac_01,22.032,48.591,3.603,2.518,1.123
2026-07-06T17:15:00+00:00,hvac_01,22.642,48.827,3.963,2.526,1.139
2026-07-06T17:30:00+00:00,hvac_01,22.094,49.973,4.047,2.488,1.149
2026-07-06T17:45:00+00:00,hvac_01,21.94,48.848,3.606,2.504,1.082
2026-07-06T18:00:00+00:00,hvac_01,21.653,50.068,3.797,2.5,1.175
2026-07-06T18:15:00+00:00,hvac_01,21.672,52.165,4.037,2.507,1.121
2026-07-06T18:30:00+00:00,hvac_01,21.479,50.414,3.912,2.49,1.148
2026-07-06T18:45:00+00:00,hvac_01,21.473,51.778,3.796,2.475,1.104
2026-07-06T19:00:00+00:00,hvac_01,20.427,53.808,1.241,2.493,0.856
2026-07-06T19:15:00+00:00,hvac_01,19.808,54.371,1.119,2.478,0.839
2026-07-06T19:30:00+00:00,hvac_01,20.108,56.26,1.175,2.472,0.852
2026-07-06T19:45:00+00:00,hvac_01,20.072,54.593,1.353,2.48,0.846
2026-07-06T20:00:00+00:00,hvac_01,19.665,56.488,1.314,2.474,0.822
2026-07-06T20:15:00+00:00,hvac_01,19.216,56.302,1.209,2.473,0.809
2026-07-06T20:30:00+00:00,hvac_01,19.606,57.17,1.139,2.478,0.816
2026-07-06T20:45:00+00:00,hvac_01,19.188,57.496,1.248,2.454,0.862
2026-07-06T21:00:00+00:00,hvac_01,19.218,57.127,0.987,2.47,0.815
2026-07-06T21:15:00+00:00,hvac_01,19.13,59.258,0.876,2.481,0.847
2026-07-06T21:30:00+00:00,hvac_01,18.777,59.373,1.128,2.454,0.824
2026-07-06T21:45:00+00:00,hvac_01,19.288,59.237,1.257,2.478,0.82
2026-07-06T22:00:00+00:00,hvac_01,19.116,60.568,1.314,2.46,0.886
2026-07-06T22:15:00+00:00,hvac_01,18.757,60.169,1.42,2.477,0.828
2026-07-06T22:30:00+00:00,hvac_01,18.933,60.195,1.299,2.483,0.857
2026-07-06T22:45:00+00:00,hvac_01,18.69,60.422,1.223,2.472,0.82
2026-07-06T23:00:00+00:00,hvac_01,18.389,61.321,1.199,2.481,0.832
2026-07-06T23:15:00+00:00,hvac_01,18.506,61.287,1.546,2.47,0.866
2026-07-06T23:30:00+00:00,hvac_01,18.458,59.629,1.511,2.49,0.843
2026-07-06T23:45:00+00:00,hvac_01,18.497,59.398,1.282,2.484,0.845
2026-07-07T00:00:00+00:00,hvac_01,18.326,61.94,1.312,2.525,0.851
2026-07-07T00:15:00+00:00,hvac_01,18.137,62.406,1.24,2.51,0.703
2026-07-07T00:30:00+00:00,hvac_01,18.29,61.452,1.185,2.501,0.867
2026-07-07T00:45:00+00:00,hvac_01,17.728,64.086,1.423,2.518,0.928
2026-07-07T01:00:00+00:00,hvac_01,18.233,60.874,1.404,2.498,0.88
2026-07-07T01:15:00+00:00,hvac_01,18.441,62.01,1.032,2.524,0.814
2026-07-07T01:30:00+00:00,hvac_01,18.027,59.691,1.072,2.519,0.862
2026-07-07T01:45:00+00:00,hvac_01,18.819,62.154,1.132,2.523,0.868
2026-07-07T02:00:00+00:00,hvac_01,18.38,61.678,1.286,2.545,0.925
2026-07-07T02:15:00+00:00,hvac_01,18.287,61.357,1.326,2.527,0.775
2026-07-07T02:30:00+00:00,hvac_01,18.442,60.478,1.447,2.536,0.917
2026-07-07T02:45:00+00:00,hvac_01,18.201,61.775,1.005,2.546,0.808
2026-07-07T03:00:00+00:00,hvac_01,18.661,60.36,1.352,2.541,0.868
2026-07-07T03:15:00+00:00,hvac_01,18.625,61.74,1.166,2.552,0.822
2026-07-07T03:30:00+00:00,hvac_01,18.873,61.989,1.13,2.508,0.836
2026-07-07T03:45:00+00:00,hvac_01,18.543,59.393,1.201,2.526,0.888
2026-07-07T04:00:00+00:00,hvac_01,19.037,60.414,1.597,2.521,0.795
2026-07-07T04:15:00+00:00,hvac_01,19.335,59.338,1.242,2.506,0.796
2026-07-07T04:30:00+00:00,hvac_01,19.148,58.652,0.927,2.513,0.845
2026-07-07T04:45:00+00:00,hvac_01,19.389,58.547,1.675,2.534,0.954
2026-07-07T05:00:00+00:00,hvac_01,19.518,58.632,1.049,2.498,0.796
2026-07-07T05:15:00+00:00,hvac_01,19.403,57.544,1.306,2.513,0.868
2026-07-07T05:30:00+00:00,hvac_01,19.688,57.111,1.207,2.478,0.871
2026-07-07T05:45:00+00:00,hvac_01,19.43,55.927,1.38,2.516,0.883
2026-07-07T06:00:00+00:00,hvac_01,19.941,55.318,1.216,2.493,0.902
2026-07-07T06:15:00+00:00,hvac_01,20.055,55.529,1.376,2.5,0.855
2026-07-07T06:30:00+00:00,hvac_01,20.104,55.929,1.229,2.476,0.855
2026-07-07T06:45:00+00:00,hvac_01,20.08,53.853,1.135,2.484,0.834
2026-07-07T07:00:00+00:00,hvac_01,21.399,52.317,3.917,2.478,1.158
2026-07-07T07:15:00+00:00,hvac_01,21.502,52.461,4.066,2.475,1.1
2026-07-07T07:30:00+00:00,hvac_01,21.533,52.174,3.854,2.479,1.072
2026-07-07T07:45:00+00:00,hvac_01,21.502,51.483,3.967,2.463,1.158
2026-07-07T08:00:00+00:00,hvac_01,21.663,49.661,3.861,2.472,1.147
2026-07-07T08:15:00+00:00,hvac_01,22.112,51.464,4.031,2.463,1.185
2026-07-07T08:30:00+00:00,hvac_01,21.757,49.753,4.008,2.474,1.179
2026-07-07T08:45:00+00:00,hvac_01,22.625,48.642,4.188,2.464,1.209
2026-07-07T09:00:00+00:00,hvac_01,22.352,49.437,4.205,2.473,1.165
2026-07-07T09:15:00+00:00,hvac_01,22.362,47.849,4.133,2.481,1.156
2026-07-07T09:30:00+00:00,hvac_01,22.157,47.508,3.97,2.455,1.078
2026-07-07T09:45:00+00:00,hvac_01,22.564,46.013,4.096,2.463,1.163
2026-07-07T10:00:00+00:00,hvac_01,23.047,46.57,3.894,2.469,1.155
2026-07-07T10:15:00+00:00,hvac_01,22.541,46.676,3.987,2.473,1.127
2026-07-07T10:30:00+00:00,hvac_01,23.529,46.459,4.413,2.469,1.103
2026-07-07T10:45:00+00:00,hvac_01,23.327,43.868,4.518,2.463,1.16
2026-07-07T11:00:00+00:00,hvac_01,23.072,47.901,4.273,2.48,1.154
2026-07-07T11:15:00+00:00,hvac_01,23.304,45.627,4.414,2.463,1.215
2026-07-07T11:30:00+00:00,hvac_01,23.288,44.642,4.146,2.489,1.15
2026-07-07T11:45:00+00:00,hvac_01,23.33,44.42,4.183,2.521,1.142
2026-07-07T12:00:00+00:00,hvac_01,23.213,45.293,4.233,2.514,1.157
2026-07-07T12:15:00+00:00,hvac_01,23.526,44.649,4.5,2.502,1.2
2026-07-07T12:30:00+00:00,hvac_01,23.341,45.704,4.14,2.497,1.238
2026-07-07T12:45:00+00:00,hvac_01,23.485,44.937,4.466,2.513,1.124
2026-07-07T13:00:00+00:00,hvac_01,23.414,45.123,4.397,2.508,1.188
2026-07-07T13:15:00+00:00,hvac_01,23.625,45.126,4.355,2.526,1.177
2026-07-07T13:30:00+00:00,hvac_01,23.596,45.165,4.463,2.516,1.16
2026-07-07T13:45:00+00:00,hvac_01,23.497,45.605,4.469,2.537,1.153
2026-07-07T14:00:00+00:00,hvac_01,23.334,43.912,4.395,2.517,1.212
2026-07-07T14:15:00+00:00,hvac_01,23.427,45.239,4.346,2.547,1.133
2026-07-07T14:30:00+00:00,hvac_01,23.361,45.948,4.469,2.514,1.205
2026-07-07T14:45:00+00:00,hvac_01,23.406,47.154,4.227,2.531,1.243
2026-07-07T15:00:00+00:00,hvac_01,22.786,46.272,4.152,2.537,1.137
2026-07-07T15:15:00+00:00,hvac_01,23.238,47.289,4.556,2.525,1.198
2026-07-07T15:30:00+00:00,hvac_01,23.187,48.327,4.264,2.515,1.175
2026-07-07T15:45:00+00:00,hvac_01,23.071,47.739,4.392,2.555,1.182
2026-07-07T16:00:00+00:00,hvac_01,22.566,46.581,4.03,2.543,1.218
2026-07-07T16:15:00+00:00,hvac_01,22.713,47.924,4.08,2.542,1.136
2026-07-07T16:30:00+00:00,hvac_01,22.536,48.24,4.033,2.546,1.127
2026-07-07T16:45:00+00:00,hvac_01,22.987,48.188,4.072,2.513,1.185
2026-07-07T17:00:00+00:00,hvac_01,22.327,50.036,3.841,2.497,1.124
2026-07-07T17:15:00+00:00,hvac_01,22.271,48.407,3.929,2.52,1.119
2026-07-07T17:30:00+00:00,hvac_01,21.903,49.165,3.828,2.515,1.232
2026-07-07T17:45:00+00:00,hvac_01,22.212,49.502,3.694,2.503,1.177
2026-07-07T18:00:00+00:00,hvac_01,21.969,50.57,4.0,2.517,1.207
2026-07-07T18:15:00+00:00,hvac_01,21.456,51.831,3.658,2.486,1.073
2026-07-07T18:30:00+00:00,hvac_01,21.498,50.827,3.966,2.491,1.122
2026-07-07T18:45:00+00:00,hvac_01,21.526,53.7,3.902,2.48,1.135
2026-07-07T19:00:00+00:00,hvac_01,20.259,54.216,0.993,2.478,0.869
2026-07-07T19:15:00+00:00,hvac_01,19.962,53.734,1.237,2.492,0.792
2026-07-07T19:30:00+00:00,hvac_01,20.049,56.107,1.331,2.482,0.884
2026-07-07T19:45:00+00:00,hvac_01,19.524,56.766,1.457,2.47,0.89
2026-07-07T20:00:00+00:00,hvac_01,19.515,57.805,1.157,2.489,0.831
2026-07-07T20:15:00+00:00,hvac_01,19.756,56.816,1.532,2.444,0.899
2026-07-07T20:30:00+00:00,hvac_01,19.021,56.75,1.534,2.477,0.816
2026-07-07T20:45:00+00:00,hvac_01,19.352,57.676,1.335,2.488,0.887
2026-07-07T21:00:00+00:00,hvac_01,19.328,59.022,1.086,2.473,0.869
2026-07-07T21:15:00+00:00,hvac_01,18.981,58.53,1.467,2.468,0.84
2026-07-07T21:30:00+00:00,hvac_01,18.911,59.088,1.24,2.465,0.846
2026-07-07T21:45:00+00:00,hvac_01,19.267,60.51,1.472,2.447,0.884
2026-07-07T22:00:00+00:00,hvac_01,19.057,60.794,1.148,2.461,0.878
2026-07-07T22:15:00+00:00,hvac_01,18.658,61.079,1.273,2.471,0.863
2026-07-07T22:30:00+00:00,hvac_01,18.435,62.244,1.332,2.492,0.847
2026-07-07T22:45:00+00:00,hvac_01,18.418,60.925,1.121,2.487,0.867
2026-07-07T23:00:00+00:00,hvac_01,18.352,61.195,1.306,2.473,0.849
2026-07-07T23:15:00+00:00,hvac_01,18.743,61.096,1.172,2.517,0.774
2026-07-07T23:30:00+00:00,hvac_01,18.083,63.344,1.189,2.497,0.925
2026-07-07T23:45:00+00:00,hvac_01,18.138,61.618,1.312,2.495,0.846
2026-07-08T00:00:00+00:00,hvac_01,18.226,61.182,1.32,2.51,0.86
2026-07-08T00:15:00+00:00,hvac_01,18.175,62.806,1.169,2.501,0.846
2026-07-08T00:30:00+00:00,hvac_01,18.526,62.419,1.233,2.507,0.843
2026-07-08T00:45:00+00:00,hvac_01,17.977,61.782,1.379,2.507,0.875
2026-07-08T01:00:00+00:00,hvac_01,18.08,61.483,1.18,2.534,0.836
2026-07-08T01:15:00+00:00,hvac_01,18.04,62.198,1.2,2.524,0.839
2026-07-08T01:30:00+00:00,hvac_01,18.181,62.11,1.304,2.528,0.872
2026-07-08T01:45:00+00:00,hvac_01,18.365,62.355,1.432,2.533,0.931
2026-07-08T02:00:00+00:00,hvac_01,18.239,62.552,1.148,2.53,0.876
2026-07-08T02:15:00+00:00,hvac_01,18.216,63.397,1.254,2.551,0.823
2026-07-08T02:30:00+00:00,hvac_01,18.284,61.644,1.402,2.542,0.873
2026-07-08T02:45:00+00:00,hvac_01,18.302,61.828,1.359,2.545,0.869
2026-07-08T03:00:00+00:00,hvac_01,18.368,61.711,1.269,2.538,0.846
2026-07-08T03:15:00+00:00,hvac_01,18.922,60.878,1.477,2.551,0.918
2026-07-08T03:30:00+00:00,hvac_01,19.032,61.551,1.202,2.528,0.831
2026-07-08T03:45:00+00:00,hvac_01,18.891,59.622,1.037,2.551,0.872
2026-07-08T04:00:00+00:00,hvac_01,18.892,61.221,1.366,2.528,0.822
2026-07-08T04:15:00+00:00,hvac_01,19.184,60.492,1.044,2.529,0.822
2026-07-08T04:30:00+00:00,hvac_01,18.982,59.504,1.333,2.522,0.83
2026-07-08T04:45:00+00:00,hvac_01,19.268,59.767,1.036,2.526,0.869
2026-07-08T05:00:00+00:00,hvac_01,19.203,59.123,1.135,2.496,0.867
2026-07-08T05:15:00+00:00,hvac_01,19.338,58.895,1.215,2.51,0.863
2026-07-08T05:30:00+00:00,hvac_01,19.469,58.808,1.186,2.492,0.86
2026-07-08T05:45:00+00:00,hvac_01,19.325,55.64,1.085,2.499,0.816
2026-07-08T06:00:00+00:00,hvac_01,19.405,57.028,1.432,2.51,0.882
2026-07-08T06:15:00+00:00,hvac_01,20.08,56.389,1.118,2.504,0.81
2026-07-08T06:30:00+00:00,hvac_01,20.087,56.247,1.196,2.485,0.896
2026-07-08T06:45:00+00:00,hvac_01,19.8,56.005,1.207,2.478,0.859
2026-07-08T07:00:00+00:00,hvac_01,21.357,53.463,3.887,2.499,1.132
2026-07-08T07:15:00+00:00,hvac_01,21.517,51.64,3.919,2.456,1.178
2026-07-08T07:30:00+00:00,hvac_01,21.457,52.685,3.632,2.476,1.154
2026-07-08T07:45:00+00:00,hvac_01,21.834,52.066,3.849,2.486,1.175
2026-07-08T08:00:00+00:00,hvac_01,21.694,51.149,3.748,2.469,1.098
2026-07-08T08:15:00+00:00,hvac_01,21.488,50.979,3.888,2.47,1.192
2026-07-08T08:30:00+00:00,hvac_01,21.808,50.294,3.634,2.469,1.122
2026-07-08T08:45:00+00:00,hvac_01,22.111,50.302,3.783,2.453,1.198
2026-07-08T09:00:00+00:00,hvac_01,22.517,49.699,3.8,2.462,1.165
2026-07-08T09:15:00+00:00,hvac_01,22.493,50.247,4.206,2.464,1.173
2026-07-08T09:30:00+00:00,hvac_01,22.458,48.721,4.146,2.461,1.124
2026-07-08T09:45:00+00:00,hvac_01,22.776,48.604,4.051,2.444,1.214
2026-07-08T10:00:00+00:00,hvac_01,22.927,47.426,4.197,2.457,1.141
2026-07-08T10:15:00+00:00,hvac_01,22.406,48.634,4.124,2.469,1.179
2026-07-08T10:30:00+00:00,hvac_01,23.341,47.105,4.142,2.477,1.202
2026-07-08T10:45:00+00:00,hvac_01,22.97,46.293,4.074,2.487,1.201
2026-07-08T11:00:00+00:00,hvac_01,22.741,46.207,3.961,2.482,1.241
2026-07-08T11:15:00+00:00,hvac_01,23.11,47.013,4.119,2.518,1.16
2026-07-08T11:30:00+00:00,hvac_01,23.117,46.896,4.042,2.501,1.173
2026-07-08T11:45:00+00:00,hvac_01,23.093,46.132,3.948,2.489,1.083
2026-07-08T12:00:00+00:00,hvac_01,23.219,46.08,4.188,2.493,1.16
2026-07-08T12:15:00+00:00,hvac_01,23.621,47.526,4.392,2.518,1.201
2026-07-08T12:30:00+00:00,hvac_01,23.306,45.642,4.412,2.516,1.169
2026-07-08T12:45:00+00:00,hvac_01,23.421,45.853,4.212,2.513,1.125
2026-07-08T13:00:00+00:00,hvac_01,23.295,47.772,4.369,2.504,1.229
2026-07-08T13:15:00+00:00,hvac_01,23.406,46.03,4.254,2.521,1.177
2026-07-08T13:30:00+00:00,hvac_01,23.335,46.936,4.439,2.509,1.202
2026-07-08T13:45:00+00:00,hvac_01,23.704,47.872,4.502,2.547,1.267
2026-07-08T14:00:00+00:00,hvac_01,23.29,44.959,4.292,2.515,1.207
2026-07-08T14:15:00+00:00,hvac_01,23.664,46.907,4.315,2.518,1.136
2026-07-08T14:30:00+00:00,hvac_01,22.812,48.192,4.263,2.532,1.194
2026-07-08T14:45:00+00:00,hvac_01,23.163,47.093,4.466,2.539,1.152
2026-07-08T15:00:00+00:00,hvac_01,23.343,45.799,4.259,2.518,1.201
2026-07-08T15:15:00+00:00,hvac_01,22.761,46.51,3.959,2.544,1.16
2026-07-08T15:30:00+00:00,hvac_01,23.105,48.995,4.272,2.541,1.167
2026-07-08T15:45:00+00:00,hvac_01,22.852,47.309,4.231,2.543,1.23
2026-07-08T16:00:00+00:00,hvac_01,22.771,49.289,4.098,2.524,1.2
2026-07-08T16:15:00+00:00,hvac_01,22.836,50.703,4.252,2.515,1.165
2026-07-08T16:30:00+00:00,hvac_01,22.284,49.391,3.785,2.541,1.138
2026-07-08T16:45:00+00:00,hvac_01,22.6,49.858,4.112,2.509,1.183
2026-07-08T17:00:00+00:00,hvac_01,22.248,50.082,3.956,2.526,1.151
2026-07-08T17:15:00+00:00,hvac_01,22.403,50.868,4.237,2.474,1.176
2026-07-08T17:30:00+00:00,hvac_01,22.373,49.043,4.203,2.51,1.123
2026-07-08T17:45:00+00:00,hvac_01,22.128,50.687,3.758,2.522,1.132
2026-07-08T18:00:00+00:00,hvac_01,21.625,53.613,3.989,2.496,1.144
2026-07-08T18:15:00+00:00,hvac_01,21.658,53.756,3.703,2.48,1.185
2026-07-08T18:30:00+00:00,hvac_01,21.505,53.067,3.929,2.486,1.08
2026-07-08T18:45:00+00:00,hvac_01,21.384,54.477,4.176,2.485,1.191
2026-07-08T19:00:00+00:00,hvac_01,20.594,56.259,1.294,2.459,0.861
2026-07-08T19:15:00+00:00,hvac_01,20.204,55.071,1.195,2.499,0.856
2026-07-08T19:30:00+00:00,hvac_01,19.704,55.269,1.248,2.468,0.84
2026-07-08T19:45:00+00:00,hvac_01,19.934,57.499,1.276,2.476,0.831
2026-07-08T20:00:00+00:00,hvac_01,19.61,57.496,1.242,2.482,0.845
2026-07-08T20:15:00+00:00,hvac_01,19.448,59.425,1.274,2.451,0.863
2026-07-08T20:30:00+00:00,hvac_01,19.219,57.793,1.05,2.457,0.921
2026-07-08T20:45:00+00:00,hvac_01,19.588,60.263,1.413,2.464,0.904
2026-07-08T21:00:00+00:00,hvac_01,19.267,58.744,1.076,2.476,0.81
2026-07-08T21:15:00+00:00,hvac_01,19.172,60.545,1.363,2.47,0.842
2026-07-08T21:30:00+00:00,hvac_01,19.135,60.319,1.103,2.442,0.872
2026-07-08T21:45:00+00:00,hvac_01,18.569,59.451,1.512,2.453,0.886
2026-07-08T22:00:00+00:00,hvac_01,18.826,61.239,1.097,2.461,0.884
2026-07-08T22:15:00+00:00,hvac_01,18.655,61.508,0.926,2.465,0.867
2026-07-08T22:30:00+00:00,hvac_01,18.469,61.084,1.306,2.482,0.89
2026-07-08T22:45:00+00:00,hvac_01,18.425,62.738,1.494,2.493,0.845
2026-07-08T23:00:00+00:00,hvac_01,19.121,61.344,1.066,2.486,0.849
2026-07-08T23:15:00+00:00,hvac_01,18.492,63.693,1.39,2.476,0.891
2026-07-08T23:30:00+00:00,hvac_01,18.578,63.695,1.419,2.501,0.916
2026-07-08T23:45:00+00:00,hvac_01,18.194,61.979,1.313,2.49,0.924
2026-07-09T00:00:00+00:00,hvac_01,18.076,62.878,1.186,2.512,0.892
2026-07-09T00:15:00+00:00,hvac_01,18.241,63.535,1.492,2.483,0.926
2026-07-09T00:30:00+00:00,hvac_01,18.452,64.359,1.37,2.5,0.868
2026-07-09T00:45:00+00:00,hvac_01,18.347,62.971,1.22,2.495,0.828
2026-07-09T01:00:00+00:00,hvac_01,18.273,63.125,1.136,2.515,0.872
2026-07-09T01:15:00+00:00,hvac_01,18.144,63.594,1.263,2.518,0.875
2026-07-09T01:30:00+00:00,hvac_01,18.02,63.013,0.974,2.511,0.802
2026-07-09T01:45:00+00:00,hvac_01,18.149,64.245,1.249,2.53,0.841
2026-07-09T02:00:00+00:00,hvac_01,18.332,64.593,1.237,2.52,0.832
2026-07-09T02:15:00+00:00,hvac_01,18.366,62.347,1.357,2.52,0.828
2026-07-09T02:30:00+00:00,hvac_01,18.463,61.898,1.341,2.546,0.863
2026-07-09T02:45:00+00:00,hvac_01,18.46,63.85,1.18,2.554,0.855
2026-07-09T03:00:00+00:00,hvac_01,18.273,62.589,1.284,2.549,0.909
2026-07-09T03:15:00+00:00,hvac_01,18.633,62.783,1.277,2.544,0.859
2026-07-09T03:30:00+00:00,hvac_01,18.394,62.145,1.653,2.543,0.895
2026-07-09T03:45:00+00:00,hvac_01,19.026,60.181,1.212,2.537,0.847
2026-07-09T04:00:00+00:00,hvac_01,18.682,61.207,1.169,2.521,0.828
2026-07-09T04:15:00+00:00,hvac_01,18.57,60.217,1.235,2.54,0.85
2026-07-09T04:30:00+00:00,hvac_01,18.753,61.9,1.079,2.526,0.823
2026-07-09T04:45:00+00:00,hvac_01,18.974,60.532,1.319,2.537,0.906
2026-07-09T05:00:00+00:00,hvac_01,19.282,60.311,1.095,2.532,0.877
2026-07-09T05:15:00+00:00,hvac_01,19.478,59.862,1.028,2.5,0.855
2026-07-09T05:30:00+00:00,hvac_01,19.527,59.401,1.266,2.507,0.921
2026-07-09T05:45:00+00:00,hvac_01,19.701,59.084,1.429,2.52,0.906
2026-07-09T06:00:00+00:00,hvac_01,19.915,58.235,1.411,2.527,0.857
2026-07-09T06:15:00+00:00,hvac_01,19.724,58.816,1.278,2.49,0.854
2026-07-09T06:30:00+00:00,hvac_01,20.231,57.518,1.551,2.49,0.94
2026-07-09T06:45:00+00:00,hvac_01,20.526,55.439,1.092,2.49,0.838
2026-07-09T07:00:00+00:00,hvac_01,21.207,53.771,3.828,2.472,1.115
2026-07-09T07:15:00+00:00,hvac_01,21.522,53.914,3.997,2.485,1.193
2026-07-09T07:30:00+00:00,hvac_01,29.739,52.598,8.275,2.129,3.386
2026-07-09T07:45:00+00:00,hvac_01,29.852,52.68,8.322,2.125,3.319
2026-07-09T08:00:00+00:00,hvac_01,30.03,52.994,8.5,2.132,3.414
2026-07-09T08:15:00+00:00,hvac_01,29.561,52.091,8.136,2.106,3.334
2026-07-09T08:30:00+00:00,hvac_01,22.364,51.72,4.012,2.488,1.189
2026-07-09T08:45:00+00:00,hvac_01,22.02,49.897,3.726,2.467,1.095
2026-07-09T09:00:00+00:00,hvac_01,22.447,50.83,3.898,2.466,1.186
2026-07-09T09:15:00+00:00,hvac_01,22.328,50.756,3.857,2.472,1.214
2026-07-09T09:30:00+00:00,hvac_01,22.65,48.755,4.091,2.467,1.159
2026-07-09T09:45:00+00:00,hvac_01,22.408,49.093,4.123,2.477,1.235
2026-07-09T10:00:00+00:00,hvac_01,22.776,50.615,3.995,2.475,1.17
2026-07-09T10:15:00+00:00,hvac_01,23.208,48.737,4.118,2.475,1.153
2026-07-09T10:30:00+00:00,hvac_01,22.775,49.144,4.118,2.486,1.162
2026-07-09T10:45:00+00:00,hvac_01,23.333,47.98,4.023,2.468,1.133
2026-07-09T11:00:00+00:00,hvac_01,22.798,48.272,4.184,2.49,1.174
2026-07-09T11:15:00+00:00,hvac_01,23.302,46.461,4.233,2.485,1.185
2026-07-09T11:30:00+00:00,hvac_01,23.264,47.417,4.363,2.495,1.253
2026-07-09T11:45:00+00:00,hvac_01,23.185,47.787,4.306,2.498,1.218
2026-07-09T12:00:00+00:00,hvac_01,22.856,48.659,4.012,2.49,1.17
2026-07-09T12:15:00+00:00,hvac_01,23.074,48.413,4.133,2.496,1.165
2026-07-09T12:30:00+00:00,hvac_01,23.48,48.056,4.409,2.5,1.271
2026-07-09T12:45:00+00:00,hvac_01,23.46,46.315,4.35,2.515,1.226
2026-07-09T13:00:00+00:00,hvac_01,23.403,46.898,4.62,2.552,1.254
2026-07-09T13:15:00+00:00,hvac_01,23.196,46.057,4.391,2.502,1.216
2026-07-09T13:30:00+00:00,hvac_01,23.472,47.093,4.304,2.547,1.241
2026-07-09T13:45:00+00:00,hvac_01,23.259,47.656,4.263,2.522,1.194
2026-07-09T14:00:00+00:00,hvac_01,23.592,46.695,4.396,2.543,1.234
2026-07-09T14:15:00+00:00,hvac_01,23.345,46.754,4.67,2.542,1.171
2026-07-09T14:30:00+00:00,hvac_01,23.53,46.432,4.18,2.525,1.244
2026-07-09T14:45:00+00:00,hvac_01,23.127,47.833,3.994,2.548,1.17
2026-07-09T15:00:00+00:00,hvac_01,22.839,48.157,4.217,2.536,1.249
2026-07-09T15:15:00+00:00,hvac_01,23.178,49.359,4.254,2.536,1.238
2026-07-09T15:30:00+00:00,hvac_01,23.225,48.178,4.562,2.535,1.242
2026-07-09T15:45:00+00:00,hvac_01,22.98,48.072,3.946,2.557,1.211
2026-07-09T16:00:00+00:00,hvac_01,22.586,49.203,4.149,2.524,1.246
2026-07-09T16:15:00+00:00,hvac_01,22.58,50.246,3.958,2.534,1.23
2026-07-09T16:30:00+00:00,hvac_01,22.687,49.442,4.124,2.533,1.179
2026-07-09T16:45:00+00:00,hvac_01,22.384,51.642,4.194,2.513,1.155
2026-07-09T17:00:00+00:00,hvac_01,22.072,49.757,3.833,2.517,1.113
2026-07-09T17:15:00+00:00,hvac_01,22.267,48.76,3.965,2.533,1.134
2026-07-09T17:30:00+00:00,hvac_01,21.475,51.663,3.955,2.504,1.183
2026-07-09T17:45:00+00:00,hvac_01,22.264,53.341,4.032,2.49,1.189
2026-07-09T18:00:00+00:00,hvac_01,21.628,52.446,3.814,2.493,1.213
2026-07-09T18:15:00+00:00,hvac_01,21.665,51.752,3.907,2.504,1.172
2026-07-09T18:30:00+00:00,hvac_01,21.409,53.075,3.762,2.485,1.129
2026-07-09T18:45:00+00:00,hvac_01,21.394,52.824,3.887,2.477,1.198
2026-07-09T19:00:00+00:00,hvac_01,20.389,57.404,1.045,2.499,0.851
2026-07-09T19:15:00+00:00,hvac_01,20.304,57.401,1.394,2.479,0.909
2026-07-09T19:30:00+00:00,hvac_01,20.011,57.759,1.116,2.48,0.917
2026-07-09T19:45:00+00:00,hvac_01,20.338,58.515,1.469,2.479,0.938
2026-07-09T20:00:00+00:00,hvac_01,20.19,58.094,1.012,2.468,0.858
2026-07-09T20:15:00+00:00,hvac_01,19.45,57.648,1.176,2.453,0.901
2026-07-09T20:30:00+00:00,hvac_01,19.878,59.605,1.041,2.469,0.824
2026-07-09T20:45:00+00:00,hvac_01,19.439,58.852,1.397,2.474,0.882
2026-07-09T21:00:00+00:00,hvac_01,19.367,59.993,1.509,2.442,0.92
2026-07-09T21:15:00+00:00,hvac_01,19.413,60.064,1.175,2.467,0.837
2026-07-09T21:30:00+00:00,hvac_01,18.91,59.936,1.223,2.441,0.853
2026-07-09T21:45:00+00:00,hvac_01,19.045,60.83,1.188,2.478,0.926
2026-07-09T22:00:00+00:00,hvac_01,18.66,62.454,0.987,2.46,0.867
2026-07-09T22:15:00+00:00,hvac_01,18.785,61.919,1.38,2.47,0.918
2026-07-09T22:30:00+00:00,hvac_01,18.534,61.631,0.969,2.483,0.816
2026-07-09T22:45:00+00:00,hvac_01,18.783,63.225,1.217,2.48,0.88
2026-07-09T23:00:00+00:00,hvac_01,18.444,61.507,1.467,2.476,0.92
2026-07-09T23:15:00+00:00,hvac_01,18.488,63.135,1.283,2.498,0.85
2026-07-09T23:30:00+00:00,hvac_01,18.586,63.236,1.256,2.486,0.876
2026-07-09T23:45:00+00:00,hvac_01,18.447,62.337,0.992,2.492,0.873
2026-07-10T00:00:00+00:00,hvac_01,18.214,64.511,1.444,2.517,0.949
2026-07-10T00:15:00+00:00,hvac_01,18.306,63.977,1.148,2.472,0.88
2026-07-10T00:30:00+00:00,hvac_01,18.056,63.44,0.877,2.52,0.829
2026-07-10T00:45:00+00:00,hvac_01,18.083,62.722,1.128,2.503,0.829
2026-07-10T01:00:00+00:00,hvac_01,17.898,63.491,1.199,2.528,0.81
2026-07-10T01:15:00+00:00,hvac_01,18.115,62.927,1.301,2.521,0.912
2026-07-10T01:30:00+00:00,hvac_01,18.631,63.59,1.329,2.516,0.881
2026-07-10T01:45:00+00:00,hvac_01,18.255,65.217,1.079,2.526,0.859
2026-07-10T02:00:00+00:00,hvac_01,18.115,63.673,1.252,2.532,0.852
2026-07-10T02:15:00+00:00,hvac_01,18.482,62.501,1.194,2.543,0.919
2026-07-10T02:30:00+00:00,hvac_01,18.204,63.567,1.237,2.546,0.879
2026-07-10T02:45:00+00:00,hvac_01,18.799,64.089,1.104,2.531,0.834
2026-07-10T03:00:00+00:00,hvac_01,18.473,61.174,0.999,2.547,0.861
2026-07-10T03:15:00+00:00,hvac_01,18.729,61.641,1.092,2.532,0.907
2026-07-10T03:30:00+00:00,hvac_01,18.66,62.222,1.427,2.538,0.902
2026-07-10T03:45:00+00:00,hvac_01,18.825,61.607,1.486,2.531,0.877
2026-07-10T04:00:00+00:00,hvac_01,18.975,62.178,1.179,2.539,0.906
2026-07-10T04:15:00+00:00,hvac_01,18.188,59.678,1.31,2.517,0.942
2026-07-10T04:30:00+00:00,hvac_01,19.103,60.593,1.259,2.52,0.855
2026-07-10T04:45:00+00:00,hvac_01,19.17,61.073,1.018,2.524,0.835
2026-07-10T05:00:00+00:00,hvac_01,19.279,59.248,1.272,2.505,0.877
2026-07-10T05:15:00+00:00,hvac_01,19.325,58.08,1.313,2.48,0.87
2026-07-10T05:30:00+00:00,hvac_01,19.179,59.166,1.2,2.519,0.863
2026-07-10T05:45:00+00:00,hvac_01,19.589,59.393,1.18,2.504,0.918
2026-07-10T06:00:00+00:00,hvac_01,19.913,59.609,1.319,2.494,0.921
2026-07-10T06:15:00+00:00,hvac_01,20.104,57.321,1.331,2.494,0.902
2026-07-10T06:30:00+00:00,hvac_01,20.044,56.946,1.503,2.496,0.857
2026-07-10T06:45:00+00:00,hvac_01,20.22,56.317,1.297,2.489,0.893
2026-07-10T07:00:00+00:00,hvac_01,20.938,53.007,4.06,2.482,1.231
2026-07-10T07:15:00+00:00,hvac_01,21.565,53.339,3.597,2.485,1.151
2026-07-10T07:30:00+00:00,hvac_01,21.971,53.109,3.861,2.454,1.141
2026-07-10T07:45:00+00:00,hvac_01,21.776,52.501,3.719,2.489,1.203
2026-07-10T08:00:00+00:00,hvac_01,21.621,52.377,3.786,2.488,1.162
2026-07-10T08:15:00+00:00,hvac_01,22.119,51.075,4.091,2.464,1.252
2026-07-10T08:30:00+00:00,hvac_01,22.356,50.837,4.054,2.469,1.175
2026-07-10T08:45:00+00:00,hvac_01,22.406,50.884,3.996,2.458,1.151
2026-07-10T09:00:00+00:00,hvac_01,22.379,50.609,4.144,2.449,1.197
2026-07-10T09:15:00+00:00,hvac_01,22.83,49.501,3.984,2.454,1.203
2026-07-10T09:30:00+00:00,hvac_01,22.313,49.654,3.859,2.459,1.151
2026-07-10T09:45:00+00:00,hvac_01,22.615,48.959,4.057,2.471,1.167
2026-07-10T10:00:00+00:00,hvac_01,22.901,48.505,4.097,2.47,1.127
2026-07-10T10:15:00+00:00,hvac_01,22.711,48.012,3.946,2.469,1.145
2026-07-10T10:30:00+00:00,hvac_01,22.779,49.041,4.435,2.487,1.235
2026-07-10T10:45:00+00:00,hvac_01,23.307,48.187,4.268,2.48,1.194
2026-07-10T11:00:00+00:00,hvac_01,22.647,46.997,3.952,2.488,1.154
2026-07-10T11:15:00+00:00,hvac_01,22.801,47.409,4.173,2.496,1.208
2026-07-10T11:30:00+00:00,hvac_01,23.78,46.529,4.671,2.502,1.227
2026-07-10T11:45:00+00:00,hvac_01,23.274,46.446,4.277,2.49,1.191
2026-07-10T12:00:00+00:00,hvac_01,23.341,46.065,4.488,2.511,1.205
2026-07-10T12:15:00+00:00,hvac_01,23.564,45.934,4.13,2.508,1.209
2026-07-10T12:30:00+00:00,hvac_01,23.234,47.109,4.576,2.545,1.208
2026-07-10T12:45:00+00:00,hvac_01,23.482,45.65,4.793,2.508,1.293
2026-07-10T13:00:00+00:00,hvac_01,23.435,45.764,4.321,2.501,1.188
2026-07-10T13:15:00+00:00,hvac_01,23.351,46.798,3.982,2.521,1.262
2026-07-10T13:30:00+00:00,hvac_01,23.187,46.92,4.202,2.491,1.162
2026-07-10T13:45:00+00:00,hvac_01,23.224,47.409,4.273,2.525,1.228
2026-07-10T14:00:00+00:00,hvac_01,23.372,46.703,4.43,2.514,1.215
2026-07-10T14:15:00+00:00,hvac_01,23.579,45.258,4.284,2.534,1.214
2026-07-10T14:30:00+00:00,hvac_01,23.181,47.479,4.131,2.546,1.196
2026-07-10T14:45:00+00:00,hvac_01,23.598,48.007,4.492,2.552,1.2
2026-07-10T15:00:00+00:00,hvac_01,23.07,46.153,4.355,2.555,1.196
2026-07-10T15:15:00+00:00,hvac_01,22.794,48.704,4.017,2.529,1.23
2026-07-10T15:30:00+00:00,hvac_01,22.903,47.933,4.408,2.541,1.181
2026-07-10T15:45:00+00:00,hvac_01,23.226,46.993,4.43,2.538,1.203
2026-07-10T16:00:00+00:00,hvac_01,22.63,47.823,4.33,2.532,1.188
2026-07-10T16:15:00+00:00,hvac_01,22.827,50.027,4.187,2.536,1.227
2026-07-10T16:30:00+00:00,hvac_01,22.608,49.687,4.045,2.513,1.134
2026-07-10T16:45:00+00:00,hvac_01,22.582,49.258,4.051,2.518,1.213
2026-07-10T17:00:00+00:00,hvac_01,22.428,50.478,3.957,2.516,1.156
2026-07-10T17:15:00+00:00,hvac_01,22.3,49.278,3.952,2.518,1.181
2026-07-10T17:30:00+00:00,hvac_01,21.883,50.759,3.793,2.503,1.107
2026-07-10T17:45:00+00:00,hvac_01,21.753,51.553,3.908,2.506,1.132
2026-07-10T18:00:00+00:00,hvac_01,21.945,51.848,3.776,2.489,1.13
2026-07-10T18:15:00+00:00,hvac_01,21.885,52.329,3.832,2.483,1.251
2026-07-10T18:30:00+00:00,hvac_01,21.093,51.329,3.771,2.493,1.209
2026-07-10T18:45:00+00:00,hvac_01,21.568,53.672,3.988,2.488,1.102
2026-07-10T19:00:00+00:00,hvac_01,20.374,55.886,1.575,2.474,0.949
2026-07-10T19:15:00+00:00,hvac_01,19.881,57.42,1.27,2.489,0.896
2026-07-10T19:30:00+00:00,hvac_01,20.193,56.751,1.152,2.473,0.831
2026-07-10T19:45:00+00:00,hvac_01,19.883,55.861,1.276,2.484,0.914
2026-07-10T20:00:00+00:00,hvac_01,20.064,57.739,1.227,2.467,0.88
2026-07-10T20:15:00+00:00,hvac_01,19.801,58.348,1.048,2.484,0.863
2026-07-10T20:30:00+00:00,hvac_01,19.733,58.569,1.211,2.489,0.827
2026-07-10T20:45:00+00:00,hvac_01,19.018,60.562,1.286,2.46,0.852
2026-07-10T21:00:00+00:00,hvac_01,18.827,60.882,1.356,2.471,0.909
2026-07-10T21:15:00+00:00,hvac_01,18.951,60.162,1.413,2.439,0.907
2026-07-10T21:30:00+00:00,hvac_01,19.205,60.266,1.117,2.464,0.837
2026-07-10T21:45:00+00:00,hvac_01,19.014,60.129,1.365,2.461,0.862
2026-07-10T22:00:00+00:00,hvac_01,19.091,60.775,1.33,2.454,0.93
2026-07-10T22:15:00+00:00,hvac_01,18.421,61.307,1.216,2.463,0.854
2026-07-10T22:30:00+00:00,hvac_01,18.925,62.922,1.215,2.471,0.798
2026-07-10T22:45:00+00:00,hvac_01,18.951,60.954,1.114,2.48,0.878
2026-07-10T23:00:00+00:00,hvac_01,18.836,63.796,1.363,2.477,0.856
2026-07-10T23:15:00+00:00,hvac_01,18.397,62.921,1.393,2.494,0.816
2026-07-10T23:30:00+00:00,hvac_01,18.255,63.635,1.17,2.49,0.953
2026-07-10T23:45:00+00:00,hvac_01,18.315,63.771,1.526,2.505,0.881
2026-07-11T00:00:00+00:00,hvac_01,17.79,62.078,1.346,2.507,0.918
2026-07-11T00:15:00+00:00,hvac_01,18.017,63.026,0.942,2.494,0.851
2026-07-11T00:30:00+00:00,hvac_01,17.758,63.59,1.525,2.492,0.887
2026-07-11T00:45:00+00:00,hvac_01,18.603,63.375,1.31,2.515,0.824
2026-07-11T01:00:00+00:00,hvac_01,18.19,64.009,1.263,2.526,0.854
2026-07-11T01:15:00+00:00,hvac_01,18.033,62.609,1.092,2.505,0.847
2026-07-11T01:30:00+00:00,hvac_01,18.188,62.143,1.354,2.514,0.892
2026-07-11T01:45:00+00:00,hvac_01,18.371,64.137,1.301,2.537,0.873
2026-07-11T02:00:00+00:00,hvac_01,17.983,63.367,1.502,2.529,0.966
2026-07-11T02:15:00+00:00,hvac_01,18.536,64.131,1.223,2.522,0.864
2026-07-11T02:30:00+00:00,hvac_01,18.221,62.505,1.214,2.536,0.857
2026-07-11T02:45:00+00:00,hvac_01,18.224,61.71,1.44,2.534,0.838
2026-07-11T03:00:00+00:00,hvac_01,18.059,61.634,1.292,2.521,0.806
2026-07-11T03:15:00+00:00,hvac_01,18.699,64.177,1.381,2.523,0.874
2026-07-11T03:30:00+00:00,hvac_01,18.63,60.308,1.039,2.532,0.868
2026-07-11T03:45:00+00:00,hvac_01,18.799,60.457,1.326,2.539,0.838
2026-07-11T04:00:00+00:00,hvac_01,18.569,61.173,1.42,2.535,0.923
2026-07-11T04:15:00+00:00,hvac_01,19.26,59.065,1.322,2.544,0.911
2026-07-11T04:30:00+00:00,hvac_01,19.358,59.428,1.352,2.534,0.853
2026-07-11T04:45:00+00:00,hvac_01,19.198,58.423,1.123,2.525,0.886
2026-07-11T05:00:00+00:00,hvac_01,19.272,60.288,1.473,2.506,0.884
2026-07-11T05:15:00+00:00,hvac_01,19.283,59.275,1.358,2.504,0.907
2026-07-11T05:30:00+00:00,hvac_01,19.229,59.101,0.884,2.507,0.797
2026-07-11T05:45:00+00:00,hvac_01,19.797,57.891,0.921,2.488,0.805
2026-07-11T06:00:00+00:00,hvac_01,20.04,58.513,1.352,2.517,0.847
2026-07-11T06:15:00+00:00,hvac_01,20.005,56.821,1.088,2.491,0.831
2026-07-11T06:30:00+00:00,hvac_01,20.149,56.62,1.168,2.485,0.786
2026-07-11T06:45:00+00:00,hvac_01,20.297,55.642,1.246,2.493,0.844
2026-07-11T07:00:00+00:00,hvac_01,20.111,54.741,1.198,2.485,0.834
2026-07-11T07:15:00+00:00,hvac_01,20.364,53.658,1.189,2.458,0.831
2026-07-11T07:30:00+00:00,hvac_01,20.717,54.359,1.227,2.473,0.89
2026-07-11T07:45:00+00:00,hvac_01,20.474,54.081,1.143,2.476,0.844
2026-07-11T08:00:00+00:00,hvac_01,20.748,53.488,1.153,2.455,0.833
2026-07-11T08:15:00+00:00,hvac_01,20.723,52.873,1.159,2.452,0.863
2026-07-11T08:30:00+00:00,hvac_01,21.216,52.139,1.206,2.477,0.846
2026-07-11T08:45:00+00:00,hvac_01,21.31,50.92,1.334,2.464,0.887
2026-07-11T09:00:00+00:00,hvac_01,21.314,50.782,1.07,2.463,0.824
2026-07-11T09:15:00+00:00,hvac_01,21.206,51.957,1.404,2.441,0.802
2026-07-11T09:30:00+00:00,hvac_01,21.269,50.672,1.652,2.452,0.892
2026-07-11T09:45:00+00:00,hvac_01,22.003,49.76,1.418,2.479,0.877
2026-07-11T10:00:00+00:00,hvac_01,22.004,50.535,1.041,2.468,0.814
2026-07-11T10:15:00+00:00,hvac_01,21.911,48.469,1.101,2.473,0.842
2026-07-11T10:30:00+00:00,hvac_01,22.296,49.285,1.568,2.491,0.933
2026-07-11T10:45:00+00:00,hvac_01,21.294,48.202,1.32,2.463,0.848
2026-07-11T11:00:00+00:00,hvac_01,22.291,48.588,1.3,2.503,0.849
2026-07-11T11:15:00+00:00,hvac_01,22.454,48.267,1.424,2.482,0.848
2026-07-11T11:30:00+00:00,hvac_01,22.217,47.001,1.418,2.492,0.861
2026-07-11T11:45:00+00:00,hvac_01,22.489,47.075,1.126,2.5,0.796
2026-07-11T12:00:00+00:00,hvac_01,22.047,47.886,1.412,2.491,0.844
2026-07-11T12:15:00+00:00,hvac_01,22.717,46.503,1.628,2.51,0.874
2026-07-11T12:30:00+00:00,hvac_01,22.378,46.854,1.282,2.507,0.836
2026-07-11T12:45:00+00:00,hvac_01,22.059,48.052,1.18,2.523,0.844
2026-07-11T13:00:00+00:00,hvac_01,23.045,47.902,1.414,2.501,0.843
2026-07-11T13:15:00+00:00,hvac_01,22.328,46.138,1.196,2.521,0.796
2026-07-11T13:30:00+00:00,hvac_01,22.387,47.683,1.235,2.532,0.858
2026-07-11T13:45:00+00:00,hvac_01,22.627,48.097,1.438,2.526,0.893
2026-07-11T14:00:00+00:00,hvac_01,22.439,46.312,1.542,2.524,0.928
2026-07-11T14:15:00+00:00,hvac_01,22.355,47.277,1.374,2.55,0.843
2026-07-11T14:30:00+00:00,hvac_01,21.891,47.754,1.439,2.553,0.913
2026-07-11T14:45:00+00:00,hvac_01,21.744,47.961,1.178,2.533,0.809
2026-07-11T15:00:00+00:00,hvac_01,22.086,47.423,1.628,2.536,0.879
2026-07-11T15:15:00+00:00,hvac_01,21.801,49.385,1.338,2.549,0.877
2026-07-11T15:30:00+00:00,hvac_01,21.891,48.311,1.135,2.529,0.866
2026-07-11T15:45:00+00:00,hvac_01,21.785,49.421,1.363,2.527,0.901
2026-07-11T16:00:00+00:00,hvac_01,21.905,49.824,1.246,2.532,0.824
2026-07-11T16:15:00+00:00,hvac_01,21.528,50.065,1.384,2.525,0.887
2026-07-11T16:30:00+00:00,hvac_01,21.556,49.607,1.252,2.529,0.83
2026-07-11T16:45:00+00:00,hvac_01,21.364,50.225,1.277,2.504,0.867
2026-07-11T17:00:00+00:00,hvac_01,21.436,51.191,1.166,2.521,0.806
2026-07-11T17:15:00+00:00,hvac_01,21.09,52.088,1.051,2.506,0.811
2026-07-11T17:30:00+00:00,hvac_01,21.275,50.733,1.162,2.496,0.902
2026-07-11T17:45:00+00:00,hvac_01,20.943,51.918,1.267,2.515,0.783
2026-07-11T18:00:00+00:00,hvac_01,20.635,52.967,1.156,2.483,0.818
2026-07-11T18:15:00+00:00,hvac_01,20.773,53.519,1.544,2.476,0.833
2026-07-11T18:30:00+00:00,hvac_01,20.338,54.511,1.116,2.473,0.866
2026-07-11T18:45:00+00:00,hvac_01,20.304,55.102,1.282,2.479,0.887
2026-07-11T19:00:00+00:00,hvac_01,20.509,55.891,1.188,2.479,0.897
2026-07-11T19:15:00+00:00,hvac_01,20.437,55.375,1.122,2.466,0.788
2026-07-11T19:30:00+00:00,hvac_01,19.838,55.481,1.071,2.484,0.742
2026-07-11T19:45:00+00:00,hvac_01,19.744,55.576,1.341,2.479,0.819
2026-07-11T20:00:00+00:00,hvac_01,19.837,55.752,1.294,2.455,0.861
2026-07-11T20:15:00+00:00,hvac_01,19.978,58.679,1.413,2.455,0.851
2026-07-11T20:30:00+00:00,hvac_01,19.321,57.007,0.988,2.459,0.862
2026-07-11T20:45:00+00:00,hvac_01,19.893,58.279,1.28,2.473,0.799
2026-07-11T21:00:00+00:00,hvac_01,19.094,58.998,1.215,2.461,0.877
2026-07-11T21:15:00+00:00,hvac_01,18.744,59.694,1.128,2.472,0.837
2026-07-11T21:30:00+00:00,hvac_01,19.213,59.942,1.098,2.476,0.852
2026-07-11T21:45:00+00:00,hvac_01,19.26,59.095,1.428,2.476,0.854
2026-07-11T22:00:00+00:00,hvac_01,19.066,59.567,1.387,2.468,0.869
2026-07-11T22:15:00+00:00,hvac_01,18.767,61.001,1.237,2.479,0.87
2026-07-11T22:30:00+00:00,hvac_01,18.476,61.23,1.471,2.481,0.888
2026-07-11T22:45:00+00:00,hvac_01,18.398,61.798,1.02,2.48,0.879
2026-07-11T23:00:00+00:00,hvac_01,18.361,61.447,1.141,2.49,0.788
2026-07-11T23:15:00+00:00,hvac_01,18.357,60.726,1.265,2.466,0.904
2026-07-11T23:30:00+00:00,hvac_01,18.46,61.038,1.473,2.491,0.883
2026-07-11T23:45:00+00:00,hvac_01,18.407,62.864,1.274,2.483,0.855
2026-07-12T00:00:00+00:00,hvac_01,18.396,61.703,1.153,2.49,0.779
2026-07-12T00:15:00+00:00,hvac_01,18.378,61.158,1.154,2.511,0.876
2026-07-12T00:30:00+00:00,hvac_01,18.022,61.614,1.191,2.515,0.806
2026-07-12T00:45:00+00:00,hvac_01,18.06,62.269,1.16,2.501,0.838
2026-07-12T01:00:00+00:00,hvac_01,18.031,61.72,1.443,2.515,0.865
2026-07-12T01:15:00+00:00,hvac_01,18.134,60.696,1.277,2.534,0.895
2026-07-12T01:30:00+00:00,hvac_01,18.878,61.619,1.28,2.512,0.916
2026-07-12T01:45:00+00:00,hvac_01,18.491,62.534,1.339,2.526,0.769
2026-07-12T02:00:00+00:00,hvac_01,18.58,62.179,1.289,2.52,0.882
2026-07-12T02:15:00+00:00,hvac_01,18.41,61.653,1.084,2.519,0.826
2026-07-12T02:30:00+00:00,hvac_01,18.37,60.478,1.51,2.529,0.874
2026-07-12T02:45:00+00:00,hvac_01,18.507,62.275,1.134,2.532,0.79
2026-07-12T03:00:00+00:00,hvac_01,18.746,61.198,1.274,2.538,0.913
2026-07-12T03:15:00+00:00,hvac_01,18.563,60.121,1.163,2.547,0.858
2026-07-12T03:30:00+00:00,hvac_01,18.773,59.774,1.332,2.541,0.859
2026-07-12T03:45:00+00:00,hvac_01,18.726,60.351,1.31,2.527,0.842
2026-07-12T04:00:00+00:00,hvac_01,18.472,60.105,1.234,2.549,0.782
2026-07-12T04:15:00+00:00,hvac_01,18.987,59.734,1.145,2.534,0.844
2026-07-12T04:30:00+00:00,hvac_01,19.172,58.685,0.773,2.526,0.797
2026-07-12T04:45:00+00:00,hvac_01,19.007,57.403,1.328,2.526,0.91
2026-07-12T05:00:00+00:00,hvac_01,19.107,58.986,1.253,2.512,0.863
2026-07-12T05:15:00+00:00,hvac_01,19.599,57.175,1.486,2.514,0.828
2026-07-12T05:30:00+00:00,hvac_01,19.281,57.997,1.167,2.51,0.84
2026-07-12T05:45:00+00:00,hvac_01,19.635,57.455,1.178,2.491,0.757
2026-07-12T06:00:00+00:00,hvac_01,19.765,55.982,1.436,2.492,0.901
2026-07-12T06:15:00+00:00,hvac_01,19.862,57.083,1.104,2.491,0.853
2026-07-12T06:30:00+00:00,hvac_01,20.323,55.888,1.05,2.504,0.822
2026-07-12T06:45:00+00:00,hvac_01,19.84,54.269,1.198,2.477,0.885
2026-07-12T07:00:00+00:00,hvac_01,20.454,55.129,1.118,2.462,0.846
2026-07-12T07:15:00+00:00,hvac_01,20.48,54.409,1.349,2.481,0.883
2026-07-12T07:30:00+00:00,hvac_01,20.627,53.386,1.547,2.491,0.84
2026-07-12T07:45:00+00:00,hvac_01,20.398,53.815,1.185,2.471,0.82
2026-07-12T08:00:00+00:00,hvac_01,20.951,51.912,1.071,2.448,0.741
2026-07-12T08:15:00+00:00,hvac_01,20.779,52.745,1.109,2.467,0.868
2026-07-12T08:30:00+00:00,hvac_01,21.429,50.852,1.357,2.462,0.788
2026-07-12T08:45:00+00:00,hvac_01,21.476,50.93,1.118,2.468,0.841
2026-07-12T09:00:00+00:00,hvac_01,21.423,49.627,1.224,2.469,0.867
2026-07-12T09:15:00+00:00,hvac_01,21.456,49.11,1.314,2.48,0.829
2026-07-12T09:30:00+00:00,hvac_01,21.726,50.409,1.409,2.482,0.87
2026-07-12T09:45:00+00:00,hvac_01,22.031,50.265,1.137,2.471,0.839
2026-07-12T10:00:00+00:00,hvac_01,21.671,48.554,0.949,2.478,0.839
2026-07-12T10:15:00+00:00,hvac_01,22.169,49.553,1.218,2.47,0.893
2026-07-12T10:30:00+00:00,hvac_01,22.241,47.565,0.98,2.473,0.776
2026-07-12T10:45:00+00:00,hvac_01,22.097,48.638,1.067,2.482,0.78
2026-07-12T11:00:00+00:00,hvac_01,22.702,47.637,1.567,2.47,0.803
2026-07-12T11:15:00+00:00,hvac_01,22.01,46.591,1.429,2.473,0.891
2026-07-12T11:30:00+00:00,hvac_01,22.371,47.058,1.007,2.484,0.849
2026-07-12T11:45:00+00:00,hvac_01,22.445,47.087,1.19,2.497,0.844
2026-07-12T12:00:00+00:00,hvac_01,22.259,47.164,1.234,2.476,0.818
2026-07-12T12:15:00+00:00,hvac_01,22.246,47.674,1.444,2.504,0.844
2026-07-12T12:30:00+00:00,hvac_01,22.543,47.807,1.295,2.501,0.887
2026-07-12T12:45:00+00:00,hvac_01,22.54,46.206,1.612,2.52,0.848
2026-07-12T13:00:00+00:00,hvac_01,22.499,46.529,1.673,2.525,0.905
2026-07-12T13:15:00+00:00,hvac_01,22.463,46.961,1.204,2.504,0.85
2026-07-12T13:30:00+00:00,hvac_01,22.509,46.263,1.128,2.512,0.847
2026-07-12T13:45:00+00:00,hvac_01,22.426,46.146,1.26,2.531,0.837
2026-07-12T14:00:00+00:00,hvac_01,22.332,46.361,1.389,2.534,0.834
2026-07-12T14:15:00+00:00,hvac_01,22.693,46.429,1.518,2.514,0.835
2026-07-12T14:30:00+00:00,hvac_01,22.482,47.648,1.451,2.526,0.875
2026-07-12T14:45:00+00:00,hvac_01,22.004,48.119,0.857,2.53,0.77
2026-07-12T15:00:00+00:00,hvac_01,22.443,47.33,1.591,2.552,0.894
2026-07-12T15:15:00+00:00,hvac_01,21.725,47.139,1.175,2.54,0.846
2026-07-12T15:30:00+00:00,hvac_01,21.713,48.65,1.098,2.53,0.833
2026-07-12T15:45:00+00:00,hvac_01,21.89,49.583,1.421,2.517,0.82
2026-07-12T16:00:00+00:00,hvac_01,22.078,48.748,1.372,2.531,0.897
2026-07-12T16:15:00+00:00,hvac_01,21.895,49.639,1.148,2.535,0.773
2026-07-12T16:30:00+00:00,hvac_01,21.566,48.876,1.133,2.514,0.757
2026-07-12T16:45:00+00:00,hvac_01,21.78,49.607,1.223,2.527,0.874
2026-07-12T17:00:00+00:00,hvac_01,21.685,49.844,1.278,2.507,0.869
2026-07-12T17:15:00+00:00,hvac_01,21.274,51.344,1.374,2.523,0.872
2026-07-12T17:30:00+00:00,hvac_01,21.164,50.064,1.299,2.529,0.83
2026-07-12T17:45:00+00:00,hvac_01,20.867,52.007,1.501,2.492,0.783
2026-07-12T18:00:00+00:00,hvac_01,20.749,52.057,1.229,2.497,0.82
2026-07-12T18:15:00+00:00,hvac_01,20.609,51.789,1.304,2.502,0.79
2026-07-12T18:30:00+00:00,hvac_01,20.963,53.284,1.333,2.488,0.857
2026-07-12T18:45:00+00:00,hvac_01,20.232,54.681,1.462,2.484,0.816
2026-07-12T19:00:00+00:00,hvac_01,20.274,54.373,1.191,2.473,0.838
2026-07-12T19:15:00+00:00,hvac_01,20.012,55.454,1.392,2.487,0.83
2026-07-12T19:30:00+00:00,hvac_01,20.113,55.758,0.936,2.478,0.854
2026-07-12T19:45:00+00:00,hvac_01,20.331,54.59,1.291,2.485,0.886
2026-07-12T20:00:00+00:00,hvac_01,19.394,54.216,1.273,2.476,0.837
2026-07-12T20:15:00+00:00,hvac_01,19.595,57.312,1.472,2.461,0.869
2026-07-12T20:30:00+00:00,hvac_01,19.284,58.133,1.039,2.453,0.784
2026-07-12T20:45:00+00:00,hvac_01,19.183,58.21,1.598,2.468,0.865
2026-07-12T21:00:00+00:00,hvac_01,19.451,56.892,1.451,2.465,0.875
2026-07-12T21:15:00+00:00,hvac_01,19.024,57.867,1.007,2.466,0.843
2026-07-12T21:30:00+00:00,hvac_01,18.657,57.618,1.179,2.462,0.827
2026-07-12T21:45:00+00:00,hvac_01,18.948,59.029,1.245,2.447,0.849
2026-07-12T22:00:00+00:00,hvac_01,19.123,59.363,0.984,2.472,0.826
2026-07-12T22:15:00+00:00,hvac_01,18.547,59.55,1.441,2.492,0.864
2026-07-12T22:30:00+00:00,hvac_01,18.789,59.665,1.189,2.492,0.865
2026-07-12T22:45:00+00:00,hvac_01,18.733,59.659,1.47,2.491,0.817
2026-07-12T23:00:00+00:00,hvac_01,18.764,60.471,1.292,2.458,0.792
2026-07-12T23:15:00+00:00,hvac_01,18.678,59.951,1.372,2.471,0.8
2026-07-12T23:30:00+00:00,hvac_01,18.824,61.492,1.231,2.494,0.811
2026-07-12T23:45:00+00:00,hvac_01,18.434,61.878,1.188,2.501,0.772
2026-07-13T00:00:00+00:00,hvac_01,18.712,61.878,1.245,2.496,0.887
2026-07-13T00:15:00+00:00,hvac_01,18.173,61.479,1.203,2.493,0.869
2026-07-13T00:30:00+00:00,hvac_01,18.172,61.632,1.198,2.507,0.826
2026-07-13T00:45:00+00:00,hvac_01,18.105,61.894,1.237,2.524,0.863
2026-07-13T01:00:00+00:00,hvac_01,18.513,60.928,1.35,2.515,0.848
2026-07-13T01:15:00+00:00,hvac_01,18.092,60.923,1.345,2.517,0.823
2026-07-13T01:30:00+00:00,hvac_01,18.449,61.538,1.067,2.526,0.857
2026-07-13T01:45:00+00:00,hvac_01,18.526,60.741,1.083,2.523,0.866
2026-07-13T02:00:00+00:00,hvac_01,18.48,59.223,1.379,2.504,0.92
2026-07-13T02:15:00+00:00,hvac_01,18.543,60.598,1.266,2.54,0.822
2026-07-13T02:30:00+00:00,hvac_01,18.507,60.636,1.212,2.552,0.762
2026-07-13T02:45:00+00:00,hvac_01,18.472,59.421,1.223,2.526,0.924
2026-07-13T03:00:00+00:00,hvac_01,18.414,60.193,1.157,2.546,0.81
2026-07-13T03:15:00+00:00,hvac_01,18.455,61.539,1.367,2.538,0.935
2026-07-13T03:30:00+00:00,hvac_01,18.54,59.105,1.131,2.548,0.803
2026-07-13T03:45:00+00:00,hvac_01,19.029,58.94,0.978,2.523,0.818
2026-07-13T04:00:00+00:00,hvac_01,19.123,60.148,1.305,2.539,0.751
2026-07-13T04:15:00+00:00,hvac_01,19.019,58.778,1.204,2.52,0.863
2026-07-13T04:30:00+00:00,hvac_01,19.318,59.939,1.221,2.515,0.9
2026-07-13T04:45:00+00:00,hvac_01,19.109,57.552,1.042,2.526,0.836
2026-07-13T05:00:00+00:00,hvac_01,19.482,57.729,1.332,2.524,0.864
2026-07-13T05:15:00+00:00,hvac_01,19.677,57.8,1.278,2.507,0.869
2026-07-13T05:30:00+00:00,hvac_01,19.416,56.552,1.143,2.535,0.792
2026-07-13T05:45:00+00:00,hvac_01,19.818,56.752,1.381,2.504,0.855
2026-07-13T06:00:00+00:00,hvac_01,19.76,53.567,1.135,2.516,0.796
2026-07-13T06:15:00+00:00,hvac_01,19.967,57.373,1.105,2.489,0.813
2026-07-13T06:30:00+00:00,hvac_01,19.633,54.085,1.036,2.497,0.805
2026-07-13T06:45:00+00:00,hvac_01,19.741,54.939,1.396,2.482,0.887
2026-07-13T07:00:00+00:00,hvac_01,21.477,51.269,3.892,2.485,1.099
2026-07-13T07:15:00+00:00,hvac_01,21.259,51.837,4.196,2.478,1.169
2026-07-13T07:30:00+00:00,hvac_01,21.39,50.815,3.82,2.471,1.097
2026-07-13T07:45:00+00:00,hvac_01,21.747,50.089,4.036,2.497,1.117
2026-07-13T08:00:00+00:00,hvac_01,21.812,50.409,3.937,2.461,1.113
2026-07-13T08:15:00+00:00,hvac_01,22.152,48.283,4.236,2.471,1.155
2026-07-13T08:30:00+00:00,hvac_01,22.119,48.276,4.162,2.465,1.143
2026-07-13T08:45:00+00:00,hvac_01,22.664,49.515,4.053,2.471,1.134
2026-07-13T09:00:00+00:00,hvac_01,22.319,48.081,4.006,2.478,1.21
2026-07-13T09:15:00+00:00,hvac_01,22.037,49.7,4.017,2.465,1.127
2026-07-13T09:30:00+00:00,hvac_01,22.216,48.4,3.761,2.474,1.099
2026-07-13T09:45:00+00:00,hvac_01,22.376,47.401,4.054,2.456,1.176
2026-07-13T10:00:00+00:00,hvac_01,23.231,47.103,4.346,2.461,1.142
2026-07-13T10:15:00+00:00,hvac_01,22.839,46.432,4.145,2.47,1.243
2026-07-13T10:30:00+00:00,hvac_01,23.141,45.286,4.069,2.454,1.113
2026-07-13T10:45:00+00:00,hvac_01,23.223,45.555,4.174,2.486,1.179
2026-07-13T11:00:00+00:00,hvac_01,23.25,45.515,4.282,2.467,1.107
2026-07-13T11:15:00+00:00,hvac_01,23.056,44.666,4.097,2.485,1.134
2026-07-13T11:30:00+00:00,hvac_01,23.003,45.014,4.251,2.485,1.197
2026-07-13T11:45:00+00:00,hvac_01,23.408,45.237,4.287,2.5,1.196
2026-07-13T12:00:00+00:00,hvac_01,22.954,45.64,4.107,2.508,1.072
2026-07-13T12:15:00+00:00,hvac_01,23.314,43.318,4.288,2.507,1.186
2026-07-13T12:30:00+00:00,hvac_01,23.437,43.597,4.548,2.493,1.189
2026-07-13T12:45:00+00:00,hvac_01,23.275,44.072,4.086,2.526,1.176
2026-07-13T13:00:00+00:00,hvac_01,23.466,44.425,4.219,2.516,1.133
2026-07-13T13:15:00+00:00,hvac_01,23.465,44.875,4.326,2.526,1.197
2026-07-13T13:30:00+00:00,hvac_01,23.61,46.191,4.199,2.51,1.12
2026-07-13T13:45:00+00:00,hvac_01,23.367,43.419,4.249,2.538,1.194
2026-07-13T14:00:00+00:00,hvac_01,23.74,45.492,4.611,2.524,1.196
2026-07-13T14:15:00+00:00,hvac_01,23.533,45.642,4.099,2.516,1.118
2026-07-13T14:30:00+00:00,hvac_01,23.102,46.185,4.507,2.538,1.209
2026-07-13T14:45:00+00:00,hvac_01,23.662,45.696,4.516,2.539,1.211
2026-07-13T15:00:00+00:00,hvac_01,23.467,46.153,4.376,2.53,1.192
2026-07-13T15:15:00+00:00,hvac_01,22.732,46.204,4.125,2.539,1.114
2026-07-13T15:30:00+00:00,hvac_01,23.121,46.271,4.241,2.538,1.139
2026-07-13T15:45:00+00:00,hvac_01,22.61,46.803,3.733,2.539,1.184
2026-07-13T16:00:00+00:00,hvac_01,22.919,47.463,4.416,2.543,1.267
2026-07-13T16:15:00+00:00,hvac_01,22.545,46.869,4.113,2.508,1.154
2026-07-13T16:30:00+00:00,hvac_01,22.645,48.564,4.236,2.534,1.192
2026-07-13T16:45:00+00:00,hvac_01,22.533,48.163,4.15,2.533,1.133
2026-07-13T17:00:00+00:00,hvac_01,22.501,48.29,4.065,2.531,1.14
2026-07-13T17:15:00+00:00,hvac_01,22.079,48.059,3.792,2.521,1.113
2026-07-13T17:30:00+00:00,hvac_01,22.025,49.857,3.883,2.517,1.206
2026-07-13T17:45:00+00:00,hvac_01,22.442,49.979,4.055,2.518,1.193
2026-07-13T18:00:00+00:00,hvac_01,21.818,49.198,3.979,2.503,1.161
2026-07-13T18:15:00+00:00,hvac_01,21.882,50.102,3.773,2.508,1.111
2026-07-13T18:30:00+00:00,hvac_01,21.455,50.93,3.91,2.485,1.193
2026-07-13T18:45:00+00:00,hvac_01,21.669,50.451,3.884,2.505,1.245
2026-07-13T19:00:00+00:00,hvac_01,20.25,53.959,1.047,2.489,0.834
2026-07-13T19:15:00+00:00,hvac_01,20.279,53.567,1.367,2.501,0.9
2026-07-13T19:30:00+00:00,hvac_01,20.159,54.888,1.385,2.474,0.766
2026-07-13T19:45:00+00:00,hvac_01,19.566,56.513,1.45,2.471,0.834
2026-07-13T20:00:00+00:00,hvac_01,19.744,54.873,1.212,2.491,0.814
2026-07-13T20:15:00+00:00,hvac_01,19.504,55.302,1.281,2.456,0.866
2026-07-13T20:30:00+00:00,hvac_01,19.483,58.187,1.339,2.472,0.801
2026-07-13T20:45:00+00:00,hvac_01,19.431,57.538,1.301,2.47,0.85
2026-07-13T21:00:00+00:00,hvac_01,19.048,55.808,1.083,2.477,0.85
2026-07-13T21:15:00+00:00,hvac_01,19.439,58.419,1.284,2.466,0.785
2026-07-13T21:30:00+00:00,hvac_01,19.116,58.044,1.159,2.454,0.828
2026-07-13T21:45:00+00:00,hvac_01,19.172,59.587,1.104,2.471,0.822
2026-07-13T22:00:00+00:00,hvac_01,18.428,60.064,1.153,2.477,0.803
2026-07-13T22:15:00+00:00,hvac_01,18.947,60.652,1.289,2.479,0.823
2026-07-13T22:30:00+00:00,hvac_01,18.619,59.076,1.408,2.489,0.842
2026-07-13T22:45:00+00:00,hvac_01,18.618,59.731,1.054,2.473,0.778
2026-07-13T23:00:00+00:00,hvac_01,18.11,60.766,1.101,2.482,0.732
2026-07-13T23:15:00+00:00,hvac_01,18.492,60.214,1.156,2.497,0.827
2026-07-13T23:30:00+00:00,hvac_01,18.481,61.02,1.322,2.481,0.849
2026-07-13T23:45:00+00:00,hvac_01,18.316,61.724,1.164,2.504,0.851
2026-07-14T00:00:00+00:00,hvac_01,18.2,61.887,1.19,2.492,0.807
2026-07-14T00:15:00+00:00,hvac_01,18.06,61.674,1.221,2.501,0.869
2026-07-14T00:30:00+00:00,hvac_01,18.468,61.6,0.96,2.515,0.742
2026-07-14T00:45:00+00:00,hvac_01,18.065,61.438,1.48,2.484,0.814
2026-07-14T01:00:00+00:00,hvac_01,18.099,62.143,1.005,2.508,0.858
2026-07-14T01:15:00+00:00,hvac_01,18.455,61.095,1.402,2.522,0.827
2026-07-14T01:30:00+00:00,hvac_01,18.118,61.039,1.088,2.53,0.86
2026-07-14T01:45:00+00:00,hvac_01,17.98,62.002,1.093,2.527,0.836
2026-07-14T02:00:00+00:00,hvac_01,18.552,61.346,1.287,2.55,0.903
2026-07-14T02:15:00+00:00,hvac_01,18.6,61.83,1.326,2.552,0.877
2026-07-14T02:30:00+00:00,hvac_01,18.268,61.15,1.312,2.517,0.83
2026-07-14T02:45:00+00:00,hvac_01,18.85,59.96,1.326,2.538,0.885
2026-07-14T03:00:00+00:00,hvac_01,18.368,60.025,1.258,2.527,0.898
2026-07-14T03:15:00+00:00,hvac_01,18.652,61.078,1.101,2.542,0.914
2026-07-14T03:30:00+00:00,hvac_01,18.68,59.221,1.421,2.528,0.817
2026-07-14T03:45:00+00:00,hvac_01,18.531,58.869,1.328,2.522,0.822
2026-07-14T04:00:00+00:00,hvac_01,18.791,59.828,1.384,2.545,0.847
2026-07-14T04:15:00+00:00,hvac_01,19.197,58.507,1.507,2.535,0.882
2026-07-14T04:30:00+00:00,hvac_01,18.73,59.545,1.18,2.517,0.808
2026-07-14T04:45:00+00:00,hvac_01,19.058,58.77,1.314,2.522,0.917
2026-07-14T05:00:00+00:00,hvac_01,19.034,58.196,1.051,2.524,0.843
2026-07-14T05:15:00+00:00,hvac_01,19.46,57.948,1.338,2.519,0.806
2026-07-14T05:30:00+00:00,hvac_01,19.748,58.504,1.419,2.506,0.932
2026-07-14T05:45:00+00:00,hvac_01,19.738,57.592,1.352,2.522,0.8
2026-07-14T06:00:00+00:00,hvac_01,19.641,56.612,1.214,2.496,0.894
2026-07-14T06:15:00+00:00,hvac_01,19.826,55.971,1.306,2.493,0.77
2026-07-14T06:30:00+00:00,hvac_01,19.676,55.042,1.58,2.482,0.881
2026-07-14T06:45:00+00:00,hvac_01,20.679,54.8,1.326,2.49,0.825
2026-07-14T07:00:00+00:00,hvac_01,21.171,52.085,3.849,2.474,1.114
2026-07-14T07:15:00+00:00,hvac_01,21.554,52.966,4.204,2.47,1.181
2026-07-14T07:30:00+00:00,hvac_01,21.418,51.032,3.592,2.496,1.089
2026-07-14T07:45:00+00:00,hvac_01,21.981,50.208,3.498,2.493,1.037
2026-07-14T08:00:00+00:00,hvac_01,21.676,51.545,3.863,2.467,1.18
2026-07-14T08:15:00+00:00,hvac_01,21.973,50.763,3.665,2.485,1.093
2026-07-14T08:30:00+00:00,hvac_01,22.203,49.098,3.799,2.463,1.159
2026-07-14T08:45:00+00:00,hvac_01,22.235,49.391,3.862,2.481,1.083
2026-07-14T09:00:00+00:00,hvac_01,22.042,49.943,3.54,2.486,1.098
2026-07-14T09:15:00+00:00,hvac_01,22.623,48.663,3.969,2.472,1.217
2026-07-14T09:30:00+00:00,hvac_01,22.908,47.445,4.354,2.452,1.181
2026-07-14T09:45:00+00:00,hvac_01,22.778,48.64,3.914,2.48,1.126
2026-07-14T10:00:00+00:00,hvac_01,22.485,48.095,3.957,2.446,1.173
2026-07-14T10:15:00+00:00,hvac_01,22.569,46.669,3.88,2.463,1.175
2026-07-14T10:30:00+00:00,hvac_01,23.167,45.463,4.225,2.476,1.223
2026-07-14T10:45:00+00:00,hvac_01,23.209,45.425,4.079,2.487,1.186
2026-07-14T11:00:00+00:00,hvac_01,23.048,45.643,4.293,2.486,1.091
2026-07-14T11:15:00+00:00,hvac_01,23.185,46.581,4.042,2.497,1.112
2026-07-14T11:30:00+00:00,hvac_01,23.353,45.053,4.081,2.494,1.156
2026-07-14T11:45:00+00:00,hvac_01,23.685,46.233,4.202,2.499,1.208
2026-07-14T12:00:00+00:00,hvac_01,23.577,46.923,4.695,2.492,1.241
2026-07-14T12:15:00+00:00,hvac_01,23.95,46.356,4.432,2.486,1.145
2026-07-14T12:30:00+00:00,hvac_01,23.589,45.178,4.379,2.502,1.163
2026-07-14T12:45:00+00:00,hvac_01,23.594,45.204,4.472,2.494,1.266
2026-07-14T13:00:00+00:00,hvac_01,23.722,46.077,4.143,2.528,1.118
2026-07-14T13:15:00+00:00,hvac_01,23.553,46.177,4.554,2.53,1.278
2026-07-14T13:30:00+00:00,hvac_01,23.481,44.659,4.289,2.525,1.214
2026-07-14T13:45:00+00:00,hvac_01,23.189,46.047,4.262,2.522,1.149
2026-07-14T14:00:00+00:00,hvac_01,23.288,45.761,4.272,2.539,1.126
2026-07-14T14:15:00+00:00,hvac_01,23.028,44.841,4.376,2.531,1.196
2026-07-14T14:30:00+00:00,hvac_01,23.434,46.378,4.272,2.517,1.17
2026-07-14T14:45:00+00:00,hvac_01,22.911,46.013,4.054,2.538,1.166
2026-07-14T15:00:00+00:00,hvac_01,23.102,46.816,4.661,2.513,1.311
2026-07-14T15:15:00+00:00,hvac_01,22.896,45.495,4.019,2.544,1.163
2026-07-14T15:30:00+00:00,hvac_01,22.893,46.411,4.049,2.541,1.203
2026-07-14T15:45:00+00:00,hvac_01,22.887,46.653,4.104,2.505,1.163
2026-07-14T16:00:00+00:00,hvac_01,22.933,47.248,4.101,2.544,1.176
2026-07-14T16:15:00+00:00,hvac_01,22.834,48.314,4.163,2.544,1.124
2026-07-14T16:30:00+00:00,hvac_01,22.636,46.476,4.009,2.549,1.111
2026-07-14T16:45:00+00:00,hvac_01,22.288,48.652,4.08,2.529,1.144
2026-07-14T17:00:00+00:00,hvac_01,22.788,49.093,4.297,2.537,1.153
2026-07-14T17:15:00+00:00,hvac_01,21.965,50.012,3.878,2.514,1.151
2026-07-14T17:30:00+00:00,hvac_01,22.146,51.29,3.45,2.524,1.104
2026-07-14T17:45:00+00:00,hvac_01,22.012,49.731,4.039,2.491,1.163
2026-07-14T18:00:00+00:00,hvac_01,22.159,49.668,3.953,2.504,1.165
2026-07-14T18:15:00+00:00,hvac_01,21.672,51.949,4.006,2.492,1.229
2026-07-14T18:30:00+00:00,hvac_01,21.389,51.433,4.03,2.488,1.126
2026-07-14T18:45:00+00:00,hvac_01,21.404,53.687,3.969,2.475,1.087
2026-07-14T19:00:00+00:00,hvac_01,20.694,54.973,1.187,2.472,0.774
2026-07-14T19:15:00+00:00,hvac_01,19.938,55.519,1.176,2.498,0.878
2026-07-14T19:30:00+00:00,hvac_01,19.961,55.036,1.444,2.471,0.968
2026-07-14T19:45:00+00:00,hvac_01,19.977,55.181,0.944,2.463,0.871
2026-07-14T20:00:00+00:00,hvac_01,19.768,54.762,1.156,2.466,0.892
2026-07-14T20:15:00+00:00,hvac_01,19.786,57.123,1.295,2.494,0.897
2026-07-14T20:30:00+00:00,hvac_01,19.399,58.261,1.42,2.494,0.884
2026-07-14T20:45:00+00:00,hvac_01,19.366,58.458,1.178,2.467,0.819
2026-07-14T21:00:00+00:00,hvac_01,19.322,57.45,1.377,2.475,0.811
2026-07-14T21:15:00+00:00,hvac_01,19.364,58.595,1.462,2.477,0.917
2026-07-14T21:30:00+00:00,hvac_01,19.218,58.619,0.938,2.468,0.777
2026-07-14T21:45:00+00:00,hvac_01,19.024,58.654,1.367,2.474,0.824
2026-07-14T22:00:00+00:00,hvac_01,18.67,60.553,1.383,2.472,0.846
2026-07-14T22:15:00+00:00,hvac_01,18.824,60.379,1.17,2.455,0.849
2026-07-14T22:30:00+00:00,hvac_01,18.521,60.78,0.948,2.485,0.803
2026-07-14T22:45:00+00:00,hvac_01,18.639,62.38,1.483,2.487,0.846
2026-07-14T23:00:00+00:00,hvac_01,18.529,61.69,1.29,2.484,0.89
2026-07-14T23:15:00+00:00,hvac_01,18.629,62.668,1.373,2.478,0.859
2026-07-14T23:30:00+00:00,hvac_01,18.425,62.237,1.176,2.491,0.837
2026-07-14T23:45:00+00:00,hvac_01,18.262,62.421,1.386,2.517,0.908
2026-07-15T00:00:00+00:00,hvac_01,18.253,63.261,1.035,2.505,0.814
2026-07-15T00:15:00+00:00,hvac_01,18.187,63.952,1.187,2.508,0.871
2026-07-15T00:30:00+00:00,hvac_01,18.281,61.369,1.299,2.505,0.86
2026-07-15T00:45:00+00:00,hvac_01,18.268,62.883,1.312,2.495,0.873
2026-07-15T01:00:00+00:00,hvac_01,18.657,61.019,1.111,2.509,0.773
2026-07-15T01:15:00+00:00,hvac_01,17.871,61.773,1.422,2.517,0.845
2026-07-15T01:30:00+00:00,hvac_01,18.25,62.894,1.323,2.525,0.959
2026-07-15T01:45:00+00:00,hvac_01,18.367,62.781,1.17,2.517,0.809
2026-07-15T02:00:00+00:00,hvac_01,18.057,62.775,1.274,2.523,0.849
2026-07-15T02:15:00+00:00,hvac_01,18.614,62.037,1.255,2.536,0.877
2026-07-15T02:30:00+00:00,hvac_01,18.263,60.07,0.957,2.538,0.807
2026-07-15T02:45:00+00:00,hvac_01,18.411,60.476,1.13,2.536,0.848
2026-07-15T03:00:00+00:00,hvac_01,18.314,60.706,1.539,2.532,0.888
2026-07-15T03:15:00+00:00,hvac_01,18.328,60.757,1.208,2.521,0.859
2026-07-15T03:30:00+00:00,hvac_01,18.449,60.511,1.13,2.514,0.792
2026-07-15T03:45:00+00:00,hvac_01,18.817,59.982,1.222,2.531,0.869
2026-07-15T04:00:00+00:00,hvac_01,19.064,59.964,1.077,2.533,0.871
2026-07-15T04:15:00+00:00,hvac_01,18.91,60.082,1.221,2.526,0.88
2026-07-15T04:30:00+00:00,hvac_01,19.003,60.25,1.312,2.551,0.842
2026-07-15T04:45:00+00:00,hvac_01,19.457,60.021,1.067,2.528,0.862
2026-07-15T05:00:00+00:00,hvac_01,19.186,57.004,1.362,2.502,0.867
2026-07-15T05:15:00+00:00,hvac_01,19.051,59.026,0.975,2.506,0.811
2026-07-15T05:30:00+00:00,hvac_01,19.566,56.929,1.319,2.515,0.856
2026-07-15T05:45:00+00:00,hvac_01,19.633,55.464,1.491,2.502,0.911
2026-07-15T06:00:00+00:00,hvac_01,19.868,57.253,1.353,2.492,0.909
2026-07-15T06:15:00+00:00,hvac_01,20.308,56.902,1.226,2.507,0.874
2026-07-15T06:30:00+00:00,hvac_01,20.015,55.995,1.269,2.5,0.847
2026-07-15T06:45:00+00:00,hvac_01,20.408,57.36,1.339,2.486,0.892
2026-07-15T07:00:00+00:00,hvac_01,21.274,52.615,3.736,2.466,1.17
2026-07-15T07:15:00+00:00,hvac_01,21.404,51.55,3.927,2.483,1.168
2026-07-15T07:30:00+00:00,hvac_01,21.351,51.659,4.114,2.468,1.194
2026-07-15T07:45:00+00:00,hvac_01,21.809,50.971,3.629,2.478,1.114
2026-07-15T08:00:00+00:00,hvac_01,21.853,52.446,3.607,2.469,1.164
2026-07-15T08:15:00+00:00,hvac_01,22.233,50.933,4.002,2.475,1.136
2026-07-15T08:30:00+00:00,hvac_01,21.851,51.397,3.858,2.488,1.128
2026-07-15T08:45:00+00:00,hvac_01,22.52,50.933,4.106,2.466,1.145
2026-07-15T09:00:00+00:00,hvac_01,22.358,49.451,3.979,2.452,1.173
2026-07-15T09:15:00+00:00,hvac_01,22.931,48.738,4.256,2.443,1.212
2026-07-15T09:30:00+00:00,hvac_01,22.709,48.323,4.181,2.467,1.25
2026-07-15T09:45:00+00:00,hvac_01,22.782,48.999,4.102,2.454,1.269
2026-07-15T10:00:00+00:00,hvac_01,22.898,48.58,4.177,2.452,1.139
2026-07-15T10:15:00+00:00,hvac_01,22.583,49.067,4.13,2.468,1.132
2026-07-15T10:30:00+00:00,hvac_01,22.856,47.626,3.965,2.486,1.136
2026-07-15T10:45:00+00:00,hvac_01,23.058,47.353,3.892,2.488,1.157
2026-07-15T11:00:00+00:00,hvac_01,22.705,46.872,4.047,2.47,1.185
2026-07-15T11:15:00+00:00,hvac_01,23.522,47.241,4.171,2.478,1.118
2026-07-15T11:30:00+00:00,hvac_01,23.358,45.973,4.367,2.501,1.239
2026-07-15T11:45:00+00:00,hvac_01,23.408,46.404,4.1,2.522,1.257
2026-07-15T12:00:00+00:00,hvac_01,23.382,46.821,4.161,2.495,1.187
2026-07-15T12:15:00+00:00,hvac_01,23.304,47.781,4.353,2.497,1.193
2026-07-15T12:30:00+00:00,hvac_01,23.51,45.032,4.451,2.509,1.25
2026-07-15T12:45:00+00:00,hvac_01,23.548,45.744,4.291,2.53,1.216
2026-07-15T13:00:00+00:00,hvac_01,23.606,46.736,4.398,2.504,1.276
2026-07-15T13:15:00+00:00,hvac_01,23.428,47.317,4.336,2.535,1.176
2026-07-15T13:30:00+00:00,hvac_01,23.167,46.121,4.186,2.533,1.202
2026-07-15T13:45:00+00:00,hvac_01,23.094,45.841,4.023,2.519,1.169
2026-07-15T14:00:00+00:00,hvac_01,23.267,47.489,4.356,2.52,1.254
2026-07-15T14:15:00+00:00,hvac_01,23.564,46.864,4.343,2.556,1.236
2026-07-15T14:30:00+00:00,hvac_01,23.079,47.02,4.103,2.545,1.146
2026-07-15T14:45:00+00:00,hvac_01,23.119,46.608,4.314,2.522,1.205
2026-07-15T15:00:00+00:00,hvac_01,22.721,48.023,3.699,2.537,1.146
2026-07-15T15:15:00+00:00,hvac_01,23.012,48.491,4.374,2.548,1.252
2026-07-15T15:30:00+00:00,hvac_01,23.114,47.604,4.279,2.547,1.2
2026-07-15T15:45:00+00:00,hvac_01,30.427,46.885,8.77,2.172,3.379
2026-07-15T16:00:00+00:00,hvac_01,31.069,49.29,8.808,2.182,3.331
2026-07-15T16:15:00+00:00,hvac_01,31.249,48.637,8.951,2.179,3.402
2026-07-15T16:30:00+00:00,hvac_01,30.596,49.194,8.806,2.159,3.419
2026-07-15T16:45:00+00:00,hvac_01,22.94,49.329,4.185,2.507,1.25
2026-07-15T17:00:00+00:00,hvac_01,22.177,50.679,3.617,2.507,1.138
2026-07-15T17:15:00+00:00,hvac_01,22.06,50.4,3.67,2.514,1.094
2026-07-15T17:30:00+00:00,hvac_01,21.947,51.273,3.564,2.517,1.096
2026-07-15T17:45:00+00:00,hvac_01,22.403,51.108,3.859,2.506,1.192
2026-07-15T18:00:00+00:00,hvac_01,21.385,51.494,4.039,2.488,1.134
2026-07-15T18:15:00+00:00,hvac_01,21.437,52.217,3.662,2.501,1.083
2026-07-15T18:30:00+00:00,hvac_01,21.546,52.833,3.759,2.488,1.112
2026-07-15T18:45:00+00:00,hvac_01,21.319,54.467,3.914,2.492,1.2
2026-07-15T19:00:00+00:00,hvac_01,20.466,55.538,1.337,2.48,0.941
2026-07-15T19:15:00+00:00,hvac_01,20.286,56.319,1.484,2.489,0.872
2026-07-15T19:30:00+00:00,hvac_01,20.209,55.755,1.213,2.477,0.872
2026-07-15T19:45:00+00:00,hvac_01,19.932,56.507,1.31,2.479,0.854
2026-07-15T20:00:00+00:00,hvac_01,19.83,58.152,1.324,2.474,0.896
2026-07-15T20:15:00+00:00,hvac_01,19.836,58.814,1.319,2.462,0.891
2026-07-15T20:30:00+00:00,hvac_01,19.428,58.235,1.301,2.467,0.853
2026-07-15T20:45:00+00:00,hvac_01,19.573,58.553,1.319,2.449,0.925
2026-07-15T21:00:00+00:00,hvac_01,19.436,59.969,1.253,2.449,0.814
2026-07-15T21:15:00+00:00,hvac_01,19.228,59.726,1.299,2.478,0.892
2026-07-15T21:30:00+00:00,hvac_01,18.889,60.937,1.159,2.471,0.883
2026-07-15T21:45:00+00:00,hvac_01,18.88,61.985,1.199,2.468,0.911
2026-07-15T22:00:00+00:00,hvac_01,18.935,60.518,1.198,2.472,0.851
2026-07-15T22:15:00+00:00,hvac_01,18.688,62.284,1.221,2.493,0.863
2026-07-15T22:30:00+00:00,hvac_01,18.489,61.649,1.39,2.468,0.927
2026-07-15T22:45:00+00:00,hvac_01,18.635,62.454,1.141,2.479,0.86
2026-07-15T23:00:00+00:00,hvac_01,18.792,62.032,1.016,2.469,0.823
2026-07-15T23:15:00+00:00,hvac_01,18.636,61.928,1.103,2.483,0.856
2026-07-15T23:30:00+00:00,hvac_01,18.42,61.826,1.203,2.502,0.881
2026-07-15T23:45:00+00:00,hvac_01,18.476,62.426,1.208,2.48,0.888
2026-07-16T00:00:00+00:00,hvac_01,18.537,62.997,1.193,2.49,0.863
2026-07-16T00:15:00+00:00,hvac_01,18.687,62.726,1.283,2.515,0.873
2026-07-16T00:30:00+00:00,hvac_01,18.01,63.658,1.479,2.511,0.897
2026-07-16T00:45:00+00:00,hvac_01,18.274,61.739,1.297,2.508,0.847
2026-07-16T01:00:00+00:00,hvac_01,18.552,62.703,1.265,2.503,0.887
2026-07-16T01:15:00+00:00,hvac_01,17.975,63.633,1.268,2.53,0.83
2026-07-16T01:30:00+00:00,hvac_01,18.202,62.755,1.358,2.504,0.872
2026-07-16T01:45:00+00:00,hvac_01,18.428,63.48,1.02,2.541,0.851
2026-07-16T02:00:00+00:00,hvac_01,18.572,62.898,1.255,2.533,0.859
2026-07-16T02:15:00+00:00,hvac_01,18.879,62.882,1.301,2.525,0.86
2026-07-16T02:30:00+00:00,hvac_01,18.409,62.36,1.108,2.534,0.844
2026-07-16T02:45:00+00:00,hvac_01,18.966,62.59,1.151,2.542,0.925
2026-07-16T03:00:00+00:00,hvac_01,18.21,63.493,1.091,2.529,0.808
2026-07-16T03:15:00+00:00,hvac_01,18.532,61.148,1.159,2.531,0.859
2026-07-16T03:30:00+00:00,hvac_01,18.772,62.19,1.238,2.549,0.879
2026-07-16T03:45:00+00:00,hvac_01,19.068,61.777,1.154,2.516,0.766
2026-07-16T04:00:00+00:00,hvac_01,18.802,60.418,1.246,2.546,0.795
2026-07-16T04:15:00+00:00,hvac_01,19.146,59.778,0.972,2.555,0.871
2026-07-16T04:30:00+00:00,hvac_01,18.45,61.689,1.216,2.543,0.839
2026-07-16T04:45:00+00:00,hvac_01,19.259,60.316,0.939,2.523,0.869
2026-07-16T05:00:00+00:00,hvac_01,19.122,60.231,1.349,2.518,0.926
2026-07-16T05:15:00+00:00,hvac_01,19.595,60.675,1.289,2.526,0.875
2026-07-16T05:30:00+00:00,hvac_01,19.728,59.215,1.316,2.518,0.872
2026-07-16T05:45:00+00:00,hvac_01,19.637,57.045,1.284,2.49,0.852
2026-07-16T06:00:00+00:00,hvac_01,19.755,58.546,1.336,2.506,0.879
2026-07-16T06:15:00+00:00,hvac_01,20.035,56.836,1.481,2.515,0.88
2026-07-16T06:30:00+00:00,hvac_01,19.836,56.142,1.111,2.48,0.871
2026-07-16T06:45:00+00:00,hvac_01,20.286,57.264,1.277,2.489,0.868
2026-07-16T07:00:00+00:00,hvac_01,21.727,55.589,3.731,2.486,1.14
2026-07-16T07:15:00+00:00,hvac_01,21.463,53.364,3.678,2.475,1.176
2026-07-16T07:30:00+00:00,hvac_01,21.961,54.086,3.871,2.491,1.162
2026-07-16T07:45:00+00:00,hvac_01,21.766,51.788,4.028,2.484,1.148
2026-07-16T08:00:00+00:00,hvac_01,21.651,53.969,3.884,2.457,1.155
2026-07-16T08:15:00+00:00,hvac_01,22.186,52.77,4.036,2.487,1.208
2026-07-16T08:30:00+00:00,hvac_01,22.287,52.434,3.876,2.459,1.116
2026-07-16T08:45:00+00:00,hvac_01,22.481,50.45,4.057,2.467,1.173
2026-07-16T09:00:00+00:00,hvac_01,22.346,51.375,4.214,2.46,1.175
2026-07-16T09:15:00+00:00,hvac_01,22.976,50.242,4.108,2.461,1.221
2026-07-16T09:30:00+00:00,hvac_01,22.644,49.849,3.882,2.457,1.205
2026-07-16T09:45:00+00:00,hvac_01,22.862,50.205,3.896,2.461,1.179
2026-07-16T10:00:00+00:00,hvac_01,23.018,50.709,4.236,2.459,1.178
2026-07-16T10:15:00+00:00,hvac_01,22.669,49.787,4.061,2.465,1.226
2026-07-16T10:30:00+00:00,hvac_01,23.348,48.148,4.244,2.479,1.147
2026-07-16T10:45:00+00:00,hvac_01,23.241,48.664,4.312,2.487,1.214
2026-07-16T11:00:00+00:00,hvac_01,23.242,48.974,4.302,2.502,1.243
2026-07-16T11:15:00+00:00,hvac_01,23.211,47.602,4.172,2.501,1.295
2026-07-16T11:30:00+00:00,hvac_01,23.27,47.673,4.367,2.492,1.214
2026-07-16T11:45:00+00:00,hvac_01,23.514,46.096,4.249,2.498,1.209
2026-07-16T12:00:00+00:00,hvac_01,23.458,47.594,4.54,2.487,1.215
2026-07-16T12:15:00+00:00,hvac_01,23.682,47.089,4.467,2.519,1.167
2026-07-16T12:30:00+00:00,hvac_01,23.796,47.097,4.288,2.524,1.274
2026-07-16T12:45:00+00:00,hvac_01,23.813,46.692,4.589,2.52,1.197
2026-07-16T13:00:00+00:00,hvac_01,24.05,46.085,4.877,2.517,1.285
2026-07-16T13:15:00+00:00,hvac_01,23.426,48.016,4.618,2.523,1.226
2026-07-16T13:30:00+00:00,hvac_01,23.315,47.484,3.976,2.505,1.177
2026-07-16T13:45:00+00:00,hvac_01,23.514,46.643,4.315,2.507,1.201
2026-07-16T14:00:00+00:00,hvac_01,23.381,47.376,4.42,2.507,1.281
2026-07-16T14:15:00+00:00,hvac_01,22.911,47.699,4.101,2.544,1.21
2026-07-16T14:30:00+00:00,hvac_01,23.286,47.21,4.05,2.533,1.16
2026-07-16T14:45:00+00:00,hvac_01,23.063,46.771,4.224,2.53,1.235
2026-07-16T15:00:00+00:00,hvac_01,23.087,46.705,4.112,2.535,1.128
2026-07-16T15:15:00+00:00,hvac_01,23.423,47.969,4.327,2.536,1.239
2026-07-16T15:30:00+00:00,hvac_01,23.198,47.836,4.161,2.557,1.124
2026-07-16T15:45:00+00:00,hvac_01,22.743,48.046,4.245,2.536,1.218
2026-07-16T16:00:00+00:00,hvac_01,22.68,49.348,3.943,2.524,1.147
2026-07-16T16:15:00+00:00,hvac_01,22.613,48.649,4.096,2.531,1.162
2026-07-16T16:30:00+00:00,hvac_01,22.564,50.171,4.069,2.542,1.178
2026-07-16T16:45:00+00:00,hvac_01,22.626,50.759,3.919,2.508,1.123
2026-07-16T17:00:00+00:00,hvac_01,22.528,50.487,4.073,2.519,1.195
2026-07-16T17:15:00+00:00,hvac_01,22.456,50.758,4.122,2.521,1.145
2026-07-16T17:30:00+00:00,hvac_01,22.14,52.766,4.437,2.509,1.229
2026-07-16T17:45:00+00:00,hvac_01,21.703,52.078,3.84,2.498,1.224
2026-07-16T18:00:00+00:00,hvac_01,21.979,51.663,3.686,2.509,1.123
2026-07-16T18:15:00+00:00,hvac_01,21.593,51.587,3.83,2.503,1.19
2026-07-16T18:30:00+00:00,hvac_01,21.716,54.737,3.672,2.493,1.157
2026-07-16T18:45:00+00:00,hvac_01,21.166,53.756,3.686,2.489,1.116
2026-07-16T19:00:00+00:00,hvac_01,20.533,57.468,1.217,2.475,0.831
2026-07-16T19:15:00+00:00,hvac_01,20.339,55.948,1.389,2.499,0.953
2026-07-16T19:30:00+00:00,hvac_01,20.516,57.266,1.319,2.466,0.839
2026-07-16T19:45:00+00:00,hvac_01,20.143,56.52,1.399,2.462,0.887
2026-07-16T20:00:00+00:00,hvac_01,20.228,58.342,1.326,2.466,0.916
2026-07-16T20:15:00+00:00,hvac_01,19.657,57.861,1.102,2.449,0.817
2026-07-16T20:30:00+00:00,hvac_01,19.734,58.998,1.107,2.476,0.868
2026-07-16T20:45:00+00:00,hvac_01,19.559,58.716,1.18,2.469,0.86
2026-07-16T21:00:00+00:00,hvac_01,19.562,60.561,1.475,2.469,0.88
2026-07-16T21:15:00+00:00,hvac_01,19.234,62.219,1.413,2.463,0.92
2026-07-16T21:30:00+00:00,hvac_01,19.067,60.499,1.42,2.471,0.929
2026-07-16T21:45:00+00:00,hvac_01,19.391,60.737,1.297,2.479,0.91
2026-07-16T22:00:00+00:00,hvac_01,18.824,61.531,1.539,2.463,0.925
2026-07-16T22:15:00+00:00,hvac_01,18.921,60.678,1.347,2.456,0.895
2026-07-16T22:30:00+00:00,hvac_01,18.997,61.736,1.022,2.475,0.851
2026-07-16T22:45:00+00:00,hvac_01,18.672,62.599,1.293,2.461,0.919
2026-07-16T23:00:00+00:00,hvac_01,18.096,62.39,1.371,2.473,0.84
2026-07-16T23:15:00+00:00,hvac_01,18.343,62.514,1.551,2.469,0.925
2026-07-16T23:30:00+00:00,hvac_01,18.407,62.451,1.043,2.477,0.866
2026-07-16T23:45:00+00:00,hvac_01,18.552,64.326,1.107,2.47,0.881
2026-07-17T00:00:00+00:00,hvac_01,18.479,64.362,0.966,2.518,0.85
2026-07-17T00:15:00+00:00,hvac_01,18.776,63.356,1.459,2.498,0.975
2026-07-17T00:30:00+00:00,hvac_01,18.197,62.387,1.286,2.523,0.925
2026-07-17T00:45:00+00:00,hvac_01,18.284,63.965,1.248,2.53,0.913
2026-07-17T01:00:00+00:00,hvac_01,18.182,64.437,1.247,2.532,0.863
2026-07-17T01:15:00+00:00,hvac_01,18.317,63.185,1.015,2.507,0.89
2026-07-17T01:30:00+00:00,hvac_01,18.447,62.956,1.324,2.525,0.912
2026-07-17T01:45:00+00:00,hvac_01,18.236,63.498,1.077,2.542,0.876
2026-07-17T02:00:00+00:00,hvac_01,18.391,65.347,1.427,2.547,0.908
2026-07-17T02:15:00+00:00,hvac_01,18.292,63.611,1.258,2.528,0.919
2026-07-17T02:30:00+00:00,hvac_01,18.385,63.273,1.269,2.516,0.897
2026-07-17T02:45:00+00:00,hvac_01,18.68,62.907,1.289,2.531,0.859
2026-07-17T03:00:00+00:00,hvac_01,18.437,61.19,1.331,2.519,0.87
2026-07-17T03:15:00+00:00,hvac_01,18.189,61.834,1.332,2.536,0.886
2026-07-17T03:30:00+00:00,hvac_01,18.78,60.723,1.381,2.529,0.892
2026-07-17T03:45:00+00:00,hvac_01,18.911,59.636,1.463,2.528,0.919
2026-07-17T04:00:00+00:00,hvac_01,18.833,60.927,1.448,2.516,0.908
2026-07-17T04:15:00+00:00,hvac_01,18.893,61.471,1.385,2.536,0.91
2026-07-17T04:30:00+00:00,hvac_01,18.984,60.477,1.3,2.539,0.898
2026-07-17T04:45:00+00:00,hvac_01,19.186,60.441,1.387,2.527,0.922
2026-07-17T05:00:00+00:00,hvac_01,19.256,60.576,1.196,2.519,0.89
2026-07-17T05:15:00+00:00,hvac_01,19.173,59.209,1.291,2.515,0.909
2026-07-17T05:30:00+00:00,hvac_01,19.08,57.631,1.399,2.518,0.96
2026-07-17T05:45:00+00:00,hvac_01,19.694,59.455,1.584,2.477,0.854
2026-07-17T06:00:00+00:00,hvac_01,19.742,56.886,1.477,2.497,0.876
2026-07-17T06:15:00+00:00,hvac_01,20.257,58.061,1.163,2.504,0.834
2026-07-17T06:30:00+00:00,hvac_01,19.968,57.993,1.123,2.485,0.845
2026-07-17T06:45:00+00:00,hvac_01,20.134,54.52,1.016,2.488,0.898
2026-07-17T07:00:00+00:00,hvac_01,21.546,53.846,3.831,2.462,1.15
2026-07-17T07:15:00+00:00,hvac_01,21.48,53.292,3.939,2.483,1.19
2026-07-17T07:30:00+00:00,hvac_01,22.154,53.699,3.608,2.459,1.132
2026-07-17T07:45:00+00:00,hvac_01,21.61,52.58,4.062,2.473,1.142
2026-07-17T08:00:00+00:00,hvac_01,22.254,52.136,3.931,2.472,1.188
2026-07-17T08:15:00+00:00,hvac_01,21.909,51.871,4.037,2.482,1.153
2026-07-17T08:30:00+00:00,hvac_01,22.203,52.578,3.882,2.45,1.141
2026-07-17T08:45:00+00:00,hvac_01,22.457,50.822,4.016,2.468,1.169
2026-07-17T09:00:00+00:00,hvac_01,22.557,51.528,4.109,2.471,1.228
2026-07-17T09:15:00+00:00,hvac_01,22.724,50.949,3.8,2.466,1.169
2026-07-17T09:30:00+00:00,hvac_01,22.645,48.956,4.056,2.457,1.195
2026-07-17T09:45:00+00:00,hvac_01,22.931,49.06,4.335,2.461,1.193
2026-07-17T10:00:00+00:00,hvac_01,22.899,48.568,4.314,2.468,1.23
2026-07-17T10:15:00+00:00,hvac_01,23.182,47.243,4.256,2.474,1.14
2026-07-17T10:30:00+00:00,hvac_01,23.075,48.074,4.01,2.491,1.182
2026-07-17T10:45:00+00:00,hvac_01,22.648,47.555,4.028,2.477,1.153
2026-07-17T11:00:00+00:00,hvac_01,22.981,47.869,4.048,2.494,1.198
2026-07-17T11:15:00+00:00,hvac_01,23.333,46.977,4.333,2.487,1.218
2026-07-17T11:30:00+00:00,hvac_01,22.984,47.217,3.853,2.492,1.246
2026-07-17T11:45:00+00:00,hvac_01,23.172,46.395,4.385,2.485,1.182
2026-07-17T12:00:00+00:00,hvac_01,23.374,47.016,4.461,2.494,1.205
2026-07-17T12:15:00+00:00,hvac_01,23.4,46.21,4.385,2.521,1.189
2026-07-17T12:30:00+00:00,hvac_01,23.226,46.632,4.192,2.492,1.15
2026-07-17T12:45:00+00:00,hvac_01,23.086,46.579,4.119,2.535,1.202
2026-07-17T13:00:00+00:00,hvac_01,23.274,45.729,4.226,2.501,1.197
2026-07-17T13:15:00+00:00,hvac_01,23.736,46.361,4.353,2.498,1.162
2026-07-17T13:30:00+00:00,hvac_01,23.5,46.553,4.403,2.508,1.25
2026-07-17T13:45:00+00:00,hvac_01,23.348,45.257,4.156,2.52,1.189
2026-07-17T14:00:00+00:00,hvac_01,23.061,47.536,4.219,2.54,1.249
2026-07-17T14:15:00+00:00,hvac_01,23.323,46.461,4.399,2.511,1.256
2026-07-17T14:30:00+00:00,hvac_01,23.326,46.793,4.144,2.518,1.179
2026-07-17T14:45:00+00:00,hvac_01,23.384,47.315,3.988,2.526,1.191
2026-07-17T15:00:00+00:00,hvac_01,23.622,47.433,4.475,2.535,1.212
2026-07-17T15:15:00+00:00,hvac_01,22.892,47.07,3.961,2.54,1.2
2026-07-17T15:30:00+00:00,hvac_01,23.024,47.573,4.36,2.56,1.152
2026-07-17T15:45:00+00:00,hvac_01,23.102,48.495,4.284,2.541,1.259
2026-07-17T16:00:00+00:00,hvac_01,22.857,50.435,3.973,2.539,1.121
2026-07-17T16:15:00+00:00,hvac_01,22.473,49.398,4.123,2.521,1.207
2026-07-17T16:30:00+00:00,hvac_01,22.519,50.323,3.81,2.527,1.162
2026-07-17T16:45:00+00:00,hvac_01,22.613,49.826,4.047,2.49,1.127
2026-07-17T17:00:00+00:00,hvac_01,22.67,50.789,4.288,2.518,1.264
2026-07-17T17:15:00+00:00,hvac_01,22.299,51.482,3.884,2.507,1.192
2026-07-17T17:30:00+00:00,hvac_01,21.886,52.315,4.126,2.509,1.235
2026-07-17T17:45:00+00:00,hvac_01,21.958,51.348,3.886,2.498,1.185
2026-07-17T18:00:00+00:00,hvac_01,22.141,52.527,3.822,2.482,1.168
2026-07-17T18:15:00+00:00,hvac_01,21.733,51.183,3.669,2.492,1.189
2026-07-17T18:30:00+00:00,hvac_01,21.759,52.248,3.688,2.479,1.102
2026-07-17T18:45:00+00:00,hvac_01,21.574,54.321,4.256,2.508,1.183
2026-07-17T19:00:00+00:00,hvac_01,20.608,55.791,1.511,2.489,0.881
2026-07-17T19:15:00+00:00,hvac_01,20.476,55.56,1.156,2.475,0.849
2026-07-17T19:30:00+00:00,hvac_01,19.67,57.484,1.651,2.46,0.96
2026-07-17T19:45:00+00:00,hvac_01,19.619,57.083,1.125,2.474,0.874
2026-07-17T20:00:00+00:00,hvac_01,19.574,57.486,1.361,2.459,0.924
2026-07-17T20:15:00+00:00,hvac_01,20.01,57.698,1.463,2.444,0.87
2026-07-17T20:30:00+00:00,hvac_01,19.716,59.285,1.415,2.478,0.888
2026-07-17T20:45:00+00:00,hvac_01,19.625,58.989,1.03,2.476,0.864
2026-07-17T21:00:00+00:00,hvac_01,19.325,58.927,1.542,2.454,0.903
2026-07-17T21:15:00+00:00,hvac_01,19.082,59.752,1.42,2.47,0.876
2026-07-17T21:30:00+00:00,hvac_01,19.303,60.93,1.24,2.461,0.841
2026-07-17T21:45:00+00:00,hvac_01,18.602,61.796,1.144,2.454,0.826
2026-07-17T22:00:00+00:00,hvac_01,18.668,61.791,1.237,2.458,0.838
2026-07-17T22:15:00+00:00,hvac_01,18.604,62.129,1.036,2.473,0.861
2026-07-17T22:30:00+00:00,hvac_01,18.818,61.712,1.229,2.447,0.864
2026-07-17T22:45:00+00:00,hvac_01,18.548,60.75,1.467,2.494,0.878
2026-07-17T23:00:00+00:00,hvac_01,18.663,62.059,0.967,2.477,0.866
2026-07-17T23:15:00+00:00,hvac_01,18.496,61.479,1.42,2.491,0.845
2026-07-17T23:30:00+00:00,hvac_01,18.338,62.132,1.102,2.5,0.831
2026-07-17T23:45:00+00:00,hvac_01,18.445,64.06,1.15,2.482,0.855
2026-07-18T00:00:00+00:00,hvac_01,18.276,62.498,1.113,2.481,0.837
2026-07-18T00:15:00+00:00,hvac_01,18.06,61.985,1.676,2.534,0.996
2026-07-18T00:30:00+00:00,hvac_01,18.255,62.057,1.333,2.497,0.865
2026-07-18T00:45:00+00:00,hvac_01,18.104,63.689,1.234,2.517,0.843
2026-07-18T01:00:00+00:00,hvac_01,18.261,61.53,1.235,2.514,0.878
2026-07-18T01:15:00+00:00,hvac_01,18.206,62.158,1.262,2.539,0.862
2026-07-18T01:30:00+00:00,hvac_01,18.715,60.894,1.12,2.522,0.804
2026-07-18T01:45:00+00:00,hvac_01,17.743,62.843,1.101,2.518,0.844
2026-07-18T02:00:00+00:00,hvac_01,18.329,62.185,1.343,2.521,0.915
2026-07-18T02:15:00+00:00,hvac_01,18.686,61.264,1.119,2.543,0.806
2026-07-18T02:30:00+00:00,hvac_01,18.338,62.473,1.4,2.548,0.876
2026-07-18T02:45:00+00:00,hvac_01,18.641,62.398,1.494,2.535,0.886
2026-07-18T03:00:00+00:00,hvac_01,18.543,60.856,1.055,2.503,0.894
2026-07-18T03:15:00+00:00,hvac_01,19.091,60.244,1.377,2.54,0.871
2026-07-18T03:30:00+00:00,hvac_01,18.876,61.244,1.648,2.545,0.88
2026-07-18T03:45:00+00:00,hvac_01,18.588,62.106,1.21,2.53,0.864
2026-07-18T04:00:00+00:00,hvac_01,18.936,61.582,1.108,2.503,0.828
2026-07-18T04:15:00+00:00,hvac_01,18.847,59.778,1.0,2.516,0.785
2026-07-18T04:30:00+00:00,hvac_01,19.339,59.028,1.216,2.542,0.847
2026-07-18T04:45:00+00:00,hvac_01,19.322,60.293,1.336,2.514,0.836
2026-07-18T05:00:00+00:00,hvac_01,19.641,59.211,1.142,2.513,0.849
2026-07-18T05:15:00+00:00,hvac_01,19.087,59.003,1.407,2.506,0.85
2026-07-18T05:30:00+00:00,hvac_01,19.512,58.0,1.553,2.519,0.902
2026-07-18T05:45:00+00:00,hvac_01,19.597,57.75,1.222,2.491,0.844
2026-07-18T06:00:00+00:00,hvac_01,19.961,56.352,1.053,2.498,0.826
2026-07-18T06:15:00+00:00,hvac_01,19.619,57.671,1.426,2.52,0.865
2026-07-18T06:30:00+00:00,hvac_01,20.259,57.205,1.331,2.505,0.876
2026-07-18T06:45:00+00:00,hvac_01,20.163,56.1,1.324,2.495,0.908
2026-07-18T07:00:00+00:00,hvac_01,20.442,55.051,1.427,2.481,0.852
2026-07-18T07:15:00+00:00,hvac_01,20.754,53.014,1.418,2.489,0.88
2026-07-18T07:30:00+00:00,hvac_01,20.933,53.901,1.295,2.458,0.823
2026-07-18T07:45:00+00:00,hvac_01,20.915,53.398,1.078,2.483,0.839
2026-07-18T08:00:00+00:00,hvac_01,20.805,53.107,1.476,2.483,0.887
2026-07-18T08:15:00+00:00,hvac_01,21.225,52.292,1.52,2.483,0.877
2026-07-18T08:30:00+00:00,hvac_01,21.256,53.024,1.395,2.478,0.9
2026-07-18T08:45:00+00:00,hvac_01,21.413,50.554,1.469,2.461,0.893
2026-07-18T09:00:00+00:00,hvac_01,21.452,52.226,1.187,2.451,0.904
2026-07-18T09:15:00+00:00,hvac_01,21.729,52.192,1.243,2.469,0.89
2026-07-18T09:30:00+00:00,hvac_01,21.463,49.308,1.126,2.459,0.908
2026-07-18T09:45:00+00:00,hvac_01,22.359,49.988,1.389,2.464,0.866
2026-07-18T10:00:00+00:00,hvac_01,21.969,50.059,1.197,2.468,0.832
2026-07-18T10:15:00+00:00,hvac_01,21.827,49.119,1.354,2.478,0.852
2026-07-18T10:30:00+00:00,hvac_01,22.289,49.165,1.495,2.473,0.949
2026-07-18T10:45:00+00:00,hvac_01,22.463,49.401,1.628,2.471,0.961
2026-07-18T11:00:00+00:00,hvac_01,21.959,48.614,1.158,2.46,0.803
2026-07-18T11:15:00+00:00,hvac_01,22.197,48.697,1.264,2.498,0.848
2026-07-18T11:30:00+00:00,hvac_01,22.146,49.181,1.482,2.488,0.827
2026-07-18T11:45:00+00:00,hvac_01,22.159,47.496,1.317,2.51,0.868
2026-07-18T12:00:00+00:00,hvac_01,22.502,48.1,1.249,2.514,0.911
2026-07-18T12:15:00+00:00,hvac_01,22.585,48.871,1.417,2.505,0.924
2026-07-18T12:30:00+00:00,hvac_01,22.455,47.052,1.677,2.507,0.876
2026-07-18T12:45:00+00:00,hvac_01,22.503,45.768,1.583,2.53,0.85
2026-07-18T13:00:00+00:00,hvac_01,22.363,48.941,1.522,2.514,0.881
2026-07-18T13:15:00+00:00,hvac_01,22.594,48.596,1.574,2.528,0.885
2026-07-18T13:30:00+00:00,hvac_01,22.832,47.963,1.377,2.52,0.933
2026-07-18T13:45:00+00:00,hvac_01,22.071,46.719,1.357,2.526,0.828
2026-07-18T14:00:00+00:00,hvac_01,21.669,47.401,1.427,2.518,0.835
2026-07-18T14:15:00+00:00,hvac_01,22.57,48.919,1.318,2.528,0.81
2026-07-18T14:30:00+00:00,hvac_01,22.351,47.36,1.347,2.504,0.898
2026-07-18T14:45:00+00:00,hvac_01,21.889,47.071,1.214,2.51,0.795
2026-07-18T15:00:00+00:00,hvac_01,22.022,46.899,1.152,2.534,0.904
2026-07-18T15:15:00+00:00,hvac_01,22.349,46.651,1.34,2.524,0.881
2026-07-18T15:30:00+00:00,hvac_01,22.002,49.174,1.348,2.529,0.808
2026-07-18T15:45:00+00:00,hvac_01,21.899,49.691,1.335,2.53,0.887
2026-07-18T16:00:00+00:00,hvac_01,21.875,48.483,1.276,2.54,0.903
2026-07-18T16:15:00+00:00,hvac_01,21.668,49.963,1.214,2.512,0.862
2026-07-18T16:30:00+00:00,hvac_01,21.485,50.289,1.15,2.518,0.841
2026-07-18T16:45:00+00:00,hvac_01,21.597,51.017,1.189,2.518,0.86
2026-07-18T17:00:00+00:00,hvac_01,21.37,51.044,1.164,2.517,0.873
2026-07-18T17:15:00+00:00,hvac_01,21.52,52.102,1.432,2.515,0.908
2026-07-18T17:30:00+00:00,hvac_01,21.145,52.691,1.363,2.529,0.895
2026-07-18T17:45:00+00:00,hvac_01,21.237,52.586,1.175,2.497,0.875
2026-07-18T18:00:00+00:00,hvac_01,20.675,54.043,1.281,2.507,0.89
2026-07-18T18:15:00+00:00,hvac_01,20.878,53.193,0.928,2.5,0.837
2026-07-18T18:30:00+00:00,hvac_01,20.365,53.886,1.234,2.503,0.791
2026-07-18T18:45:00+00:00,hvac_01,20.428,54.052,1.12,2.489,0.766
2026-07-18T19:00:00+00:00,hvac_01,19.915,54.668,1.332,2.473,0.874
2026-07-18T19:15:00+00:00,hvac_01,20.343,55.63,1.262,2.458,0.853
2026-07-18T19:30:00+00:00,hvac_01,20.168,56.847,1.025,2.503,0.824
2026-07-18T19:45:00+00:00,hvac_01,19.77,55.894,1.418,2.473,0.844
2026-07-18T20:00:00+00:00,hvac_01,20.022,57.371,1.251,2.49,0.926
2026-07-18T20:15:00+00:00,hvac_01,19.207,57.071,1.528,2.474,0.934
2026-07-18T20:30:00+00:00,hvac_01,19.736,56.339,1.155,2.466,0.888
2026-07-18T20:45:00+00:00,hvac_01,19.472,57.548,1.169,2.468,0.849
2026-07-18T21:00:00+00:00,hvac_01,19.87,58.243,1.064,2.472,0.84
2026-07-18T21:15:00+00:00,hvac_01,19.286,58.188,1.321,2.459,0.84
2026-07-18T21:30:00+00:00,hvac_01,19.007,59.931,1.035,2.465,0.818
2026-07-18T21:45:00+00:00,hvac_01,19.194,59.375,1.387,2.458,0.881
2026-07-18T22:00:00+00:00,hvac_01,18.991,59.933,1.485,2.476,0.885
2026-07-18T22:15:00+00:00,hvac_01,19.078,60.499,1.212,2.484,0.924
2026-07-18T22:30:00+00:00,hvac_01,18.627,61.006,1.27,2.476,0.786
2026-07-18T22:45:00+00:00,hvac_01,18.529,60.124,1.465,2.465,0.92
2026-07-18T23:00:00+00:00,hvac_01,18.388,60.876,1.19,2.476,0.788
2026-07-18T23:15:00+00:00,hvac_01,18.838,62.136,1.431,2.498,0.901
2026-07-18T23:30:00+00:00,hvac_01,18.749,60.817,1.336,2.508,0.871
2026-07-18T23:45:00+00:00,hvac_01,18.388,60.889,1.21,2.49,0.74
2026-07-19T00:00:00+00:00,hvac_01,18.492,62.944,1.344,2.502,0.834
2026-07-19T00:15:00+00:00,hvac_01,18.304,62.948,1.045,2.532,0.774
2026-07-19T00:30:00+00:00,hvac_01,18.524,61.36,1.183,2.483,0.874
2026-07-19T00:45:00+00:00,hvac_01,18.415,62.794,1.176,2.529,0.847
2026-07-19T01:00:00+00:00,hvac_01,18.279,61.542,1.436,2.522,0.883
2026-07-19T01:15:00+00:00,hvac_01,17.996,61.866,1.099,2.512,0.767
2026-07-19T01:30:00+00:00,hvac_01,18.465,61.77,1.251,2.513,0.854
2026-07-19T01:45:00+00:00,hvac_01,18.138,61.697,1.345,2.532,0.879
2026-07-19T02:00:00+00:00,hvac_01,18.24,60.091,1.292,2.518,0.841
2026-07-19T02:15:00+00:00,hvac_01,18.17,61.306,1.35,2.528,0.815
2026-07-19T02:30:00+00:00,hvac_01,18.509,61.525,1.253,2.537,0.891
2026-07-19T02:45:00+00:00,hvac_01,18.9,61.668,1.197,2.539,0.793
2026-07-19T03:00:00+00:00,hvac_01,18.601,62.346,1.242,2.535,0.819
2026-07-19T03:15:00+00:00,hvac_01,18.917,60.361,1.296,2.531,0.809
2026-07-19T03:30:00+00:00,hvac_01,18.712,59.486,1.148,2.527,0.896
2026-07-19T03:45:00+00:00,hvac_01,18.982,60.224,1.156,2.54,0.831
2026-07-19T04:00:00+00:00,hvac_01,19.202,59.451,1.508,2.528,0.878
2026-07-19T04:15:00+00:00,hvac_01,18.931,59.239,1.103,2.514,0.772
2026-07-19T04:30:00+00:00,hvac_01,18.955,58.115,1.293,2.517,0.845
2026-07-19T04:45:00+00:00,hvac_01,19.54,58.938,1.016,2.526,0.841
2026-07-19T05:00:00+00:00,hvac_01,19.337,57.279,1.304,2.514,0.861
2026-07-19T05:15:00+00:00,hvac_01,19.618,57.931,1.176,2.494,0.841
2026-07-19T05:30:00+00:00,hvac_01,19.588,57.008,1.299,2.515,0.813
2026-07-19T05:45:00+00:00,hvac_01,19.93,56.952,1.275,2.505,0.924
2026-07-19T06:00:00+00:00,hvac_01,19.975,56.125,1.012,2.497,0.836
2026-07-19T06:15:00+00:00,hvac_01,19.73,55.588,1.271,2.505,0.795
2026-07-19T06:30:00+00:00,hvac_01,20.105,55.025,1.251,2.496,0.876
2026-07-19T06:45:00+00:00,hvac_01,20.523,56.793,1.283,2.492,0.844
2026-07-19T07:00:00+00:00,hvac_01,20.402,53.493,1.223,2.475,0.797
2026-07-19T07:15:00+00:00,hvac_01,20.592,53.27,1.281,2.475,0.865
2026-07-19T07:30:00+00:00,hvac_01,21.011,53.644,1.196,2.471,0.846
2026-07-19T07:45:00+00:00,hvac_01,20.738,52.452,1.422,2.476,0.846
2026-07-19T08:00:00+00:00,hvac_01,21.005,52.15,1.174,2.473,0.822
2026-07-19T08:15:00+00:00,hvac_01,20.965,52.336,1.148,2.484,0.789
2026-07-19T08:30:00+00:00,hvac_01,21.326,51.614,1.304,2.47,0.881
2026-07-19T08:45:00+00:00,hvac_01,21.293,50.542,1.2,2.489,0.802
2026-07-19T09:00:00+00:00,hvac_01,21.708,49.737,1.331,2.478,0.809
2026-07-19T09:15:00+00:00,hvac_01,21.393,50.673,1.43,2.458,0.924
2026-07-19T09:30:00+00:00,hvac_01,21.639,49.875,1.441,2.457,0.922
2026-07-19T09:45:00+00:00,hvac_01,21.641,49.106,1.192,2.496,0.838
2026-07-19T10:00:00+00:00,hvac_01,22.097,49.756,1.22,2.48,0.829
2026-07-19T10:15:00+00:00,hvac_01,21.62,48.178,1.258,2.445,0.802
2026-07-19T10:30:00+00:00,hvac_01,22.07,48.498,1.37,2.475,0.833
2026-07-19T10:45:00+00:00,hvac_01,22.295,46.77,1.459,2.46,0.898
2026-07-19T11:00:00+00:00,hvac_01,22.042,48.842,1.201,2.475,0.801
2026-07-19T11:15:00+00:00,hvac_01,22.431,46.392,1.362,2.492,0.823
2026-07-19T11:30:00+00:00,hvac_01,22.161,46.739,1.103,2.482,0.825
2026-07-19T11:45:00+00:00,hvac_01,22.068,46.972,1.285,2.498,0.846
2026-07-19T12:00:00+00:00,hvac_01,21.934,46.096,1.296,2.498,0.807
2026-07-19T12:15:00+00:00,hvac_01,22.829,47.689,1.334,2.503,0.87
2026-07-19T12:30:00+00:00,hvac_01,22.86,44.909,1.646,2.504,0.891
2026-07-19T12:45:00+00:00,hvac_01,22.452,47.883,1.7,2.51,0.858
2026-07-19T13:00:00+00:00,hvac_01,23.084,46.876,1.468,2.531,0.858
2026-07-19T13:15:00+00:00,hvac_01,22.445,47.388,1.147,2.533,0.836
2026-07-19T13:30:00+00:00,hvac_01,22.582,46.738,1.204,2.515,0.849
2026-07-19T13:45:00+00:00,hvac_01,22.595,46.605,1.209,2.525,0.809
2026-07-19T14:00:00+00:00,hvac_01,22.282,47.147,1.394,2.512,0.852
2026-07-19T14:15:00+00:00,hvac_01,22.536,47.05,1.412,2.532,0.817
2026-07-19T14:30:00+00:00,hvac_01,22.778,47.17,1.392,2.512,0.794
2026-07-19T14:45:00+00:00,hvac_01,22.169,48.089,1.223,2.532,0.802
2026-07-19T15:00:00+00:00,hvac_01,22.569,49.282,1.039,2.531,0.834
2026-07-19T15:15:00+00:00,hvac_01,22.277,47.33,1.275,2.543,0.896
2026-07-19T15:30:00+00:00,hvac_01,21.696,47.463,1.318,2.521,0.829
2026-07-19T15:45:00+00:00,hvac_01,22.293,48.552,1.273,2.538,0.795
2026-07-19T16:00:00+00:00,hvac_01,21.945,49.018,1.43,2.538,0.865
2026-07-19T16:15:00+00:00,hvac_01,21.766,48.809,1.434,2.543,0.879
2026-07-19T16:30:00+00:00,hvac_01,21.71,48.697,1.047,2.519,0.845
2026-07-19T16:45:00+00:00,hvac_01,21.626,50.798,1.222,2.502,0.813
2026-07-19T17:00:00+00:00,hvac_01,21.658,50.386,1.268,2.517,0.824
2026-07-19T17:15:00+00:00,hvac_01,21.494,50.194,1.309,2.514,0.79
2026-07-19T17:30:00+00:00,hvac_01,21.566,50.855,1.376,2.516,0.853
2026-07-19T17:45:00+00:00,hvac_01,20.999,51.674,1.17,2.495,0.813
2026-07-19T18:00:00+00:00,hvac_01,20.6,51.17,1.229,2.507,0.766
2026-07-19T18:15:00+00:00,hvac_01,20.94,53.512,1.382,2.512,0.812
2026-07-19T18:30:00+00:00,hvac_01,20.486,51.802,1.455,2.517,0.806
2026-07-19T18:45:00+00:00,hvac_01,20.526,52.342,0.968,2.475,0.86
2026-07-19T19:00:00+00:00,hvac_01,20.315,54.541,1.348,2.472,0.897
2026-07-19T19:15:00+00:00,hvac_01,20.048,53.97,1.317,2.475,0.838
2026-07-19T19:30:00+00:00,hvac_01,20.33,55.79,0.979,2.476,0.853
2026-07-19T19:45:00+00:00,hvac_01,20.364,53.334,1.135,2.473,0.812
2026-07-19T20:00:00+00:00,hvac_01,20.041,56.211,1.331,2.467,0.842
2026-07-19T20:15:00+00:00,hvac_01,19.956,56.715,1.3,2.469,0.818
2026-07-19T20:30:00+00:00,hvac_01,19.456,56.848,1.405,2.454,0.867
2026-07-19T20:45:00+00:00,hvac_01,19.585,56.982,1.232,2.473,0.809
2026-07-19T21:00:00+00:00,hvac_01,19.682,56.22,1.349,2.473,0.898
2026-07-19T21:15:00+00:00,hvac_01,18.811,57.181,1.412,2.456,0.855
2026-07-19T21:30:00+00:00,hvac_01,19.385,57.572,1.093,2.454,0.82
2026-07-19T21:45:00+00:00,hvac_01,18.878,58.845,1.233,2.474,0.813
2026-07-19T22:00:00+00:00,hvac_01,19.063,59.834,1.383,2.475,0.838
2026-07-19T22:15:00+00:00,hvac_01,18.871,58.368,1.296,2.483,0.82
2026-07-19T22:30:00+00:00,hvac_01,19.067,60.463,1.545,2.462,0.873
2026-07-19T22:45:00+00:00,hvac_01,18.535,59.748,1.365,2.493,0.85
2026-07-19T23:00:00+00:00,hvac_01,18.535,59.467,1.243,2.486,0.859
2026-07-19T23:15:00+00:00,hvac_01,18.75,60.117,1.148,2.503,0.836
2026-07-19T23:30:00+00:00,hvac_01,18.11,62.048,1.147,2.501,0.815
2026-07-19T23:45:00+00:00,hvac_01,18.452,62.269,0.977,2.492,0.783
2026-07-20T00:00:00+00:00,hvac_01,18.339,60.823,1.389,2.505,0.837
2026-07-20T00:15:00+00:00,hvac_01,18.7,61.857,1.118,2.5,0.8
2026-07-20T00:30:00+00:00,hvac_01,18.393,60.953,1.362,2.503,0.851
2026-07-20T00:45:00+00:00,hvac_01,18.201,60.82,1.377,2.495,0.86
2026-07-20T01:00:00+00:00,hvac_01,18.509,62.367,1.109,2.532,0.819
2026-07-20T01:15:00+00:00,hvac_01,18.353,61.525,1.052,2.537,0.84
2026-07-20T01:30:00+00:00,hvac_01,18.202,60.78,1.603,2.522,0.874
2026-07-20T01:45:00+00:00,hvac_01,18.01,60.986,1.328,2.521,0.851
2026-07-20T02:00:00+00:00,hvac_01,18.472,60.762,1.4,2.528,0.851
2026-07-20T02:15:00+00:00,hvac_01,18.438,59.474,1.337,2.542,0.874
2026-07-20T02:30:00+00:00,hvac_01,18.587,60.67,1.332,2.567,0.808
2026-07-20T02:45:00+00:00,hvac_01,18.679,60.927,1.376,2.518,0.922
2026-07-20T03:00:00+00:00,hvac_01,18.895,60.117,1.524,2.537,0.942
2026-07-20T03:15:00+00:00,hvac_01,18.731,58.433,1.246,2.529,0.789
2026-07-20T03:30:00+00:00,hvac_01,18.546,59.98,1.138,2.546,0.766
2026-07-20T03:45:00+00:00,hvac_01,18.797,59.82,1.311,2.526,0.854
2026-07-20T04:00:00+00:00,hvac_01,18.717,58.545,1.037,2.546,0.8
2026-07-20T04:15:00+00:00,hvac_01,18.827,58.517,1.454,2.549,0.829
2026-07-20T04:30:00+00:00,hvac_01,19.55,58.325,1.423,2.535,0.83
2026-07-20T04:45:00+00:00,hvac_01,19.113,56.633,1.256,2.526,0.831
2026-07-20T05:00:00+00:00,hvac_01,19.108,57.914,1.372,2.52,0.829
2026-07-20T05:15:00+00:00,hvac_01,19.577,56.366,1.291,2.518,0.879
2026-07-20T05:30:00+00:00,hvac_01,20.036,58.147,1.383,2.503,0.875
2026-07-20T05:45:00+00:00,hvac_01,19.446,56.205,1.231,2.499,0.853
2026-07-20T06:00:00+00:00,hvac_01,19.793,57.351,1.224,2.523,0.845
2026-07-20T06:15:00+00:00,hvac_01,19.803,55.354,1.572,2.494,0.876
2026-07-20T06:30:00+00:00,hvac_01,20.279,55.416,1.363,2.471,0.824
2026-07-20T06:45:00+00:00,hvac_01,20.177,56.723,1.13,2.488,0.919
2026-07-20T07:00:00+00:00,hvac_01,21.543,53.077,3.978,2.464,1.121
2026-07-20T07:15:00+00:00,hvac_01,21.515,50.068,3.538,2.491,1.156
2026-07-20T07:30:00+00:00,hvac_01,21.471,50.93,4.069,2.488,1.098
2026-07-20T07:45:00+00:00,hvac_01,21.833,50.868,3.568,2.466,1.073
2026-07-20T08:00:00+00:00,hvac_01,21.469,49.426,3.869,2.475,1.08
2026-07-20T08:15:00+00:00,hvac_01,22.226,49.435,3.909,2.461,1.054
2026-07-20T08:30:00+00:00,hvac_01,22.426,49.508,3.995,2.46,1.092
2026-07-20T08:45:00+00:00,hvac_01,22.45,48.317,4.094,2.473,1.133
2026-07-20T09:00:00+00:00,hvac_01,22.322,48.125,4.012,2.444,1.148
2026-07-20T09:15:00+00:00,hvac_01,22.279,47.55,4.294,2.453,1.137
2026-07-20T09:30:00+00:00,hvac_01,22.621,47.266,3.872,2.47,1.148
2026-07-20T09:45:00+00:00,hvac_01,22.929,47.345,4.135,2.456,1.156
2026-07-20T10:00:00+00:00,hvac_01,23.033,46.033,4.18,2.47,1.239
2026-07-20T10:15:00+00:00,hvac_01,23.26,47.459,4.397,2.465,1.205
2026-07-20T10:30:00+00:00,hvac_01,23.435,45.274,4.361,2.477,1.2
2026-07-20T10:45:00+00:00,hvac_01,23.436,45.624,4.329,2.516,1.16
2026-07-20T11:00:00+00:00,hvac_01,22.95,45.637,4.098,2.48,1.147
2026-07-20T11:15:00+00:00,hvac_01,22.815,45.365,4.17,2.501,1.165
2026-07-20T11:30:00+00:00,hvac_01,23.628,46.41,4.499,2.496,1.184
2026-07-20T11:45:00+00:00,hvac_01,23.559,44.661,4.044,2.494,1.185
2026-07-20T12:00:00+00:00,hvac_01,23.657,44.571,4.311,2.497,1.174
2026-07-20T12:15:00+00:00,hvac_01,23.236,43.871,4.271,2.507,1.191
2026-07-20T12:30:00+00:00,hvac_01,23.339,43.057,4.29,2.521,1.121
2026-07-20T12:45:00+00:00,hvac_01,23.342,44.017,4.567,2.527,1.191
2026-07-20T13:00:00+00:00,hvac_01,23.706,43.977,4.442,2.495,1.155
2026-07-20T13:15:00+00:00,hvac_01,23.32,43.625,4.395,2.509,1.219
2026-07-20T13:30:00+00:00,hvac_01,23.639,44.801,4.599,2.528,1.182
2026-07-20T13:45:00+00:00,hvac_01,23.399,45.228,4.148,2.539,1.15
2026-07-20T14:00:00+00:00,hvac_01,23.6,44.903,4.293,2.549,1.165
2026-07-20T14:15:00+00:00,hvac_01,23.49,44.529,4.251,2.533,1.151
2026-07-20T14:30:00+00:00,hvac_01,23.362,45.239,4.247,2.546,1.189
2026-07-20T14:45:00+00:00,hvac_01,22.867,44.606,4.097,2.523,1.126
2026-07-20T15:00:00+00:00,hvac_01,23.396,45.961,4.096,2.519,1.161
2026-07-20T15:15:00+00:00,hvac_01,23.115,46.489,4.142,2.535,1.126
2026-07-20T15:30:00+00:00,hvac_01,23.04,46.604,4.271,2.52,1.208
2026-07-20T15:45:00+00:00,hvac_01,23.001,46.789,4.265,2.527,1.201
2026-07-20T16:00:00+00:00,hvac_01,22.761,46.477,3.933,2.512,1.211
2026-07-20T16:15:00+00:00,hvac_01,22.784,46.813,4.406,2.507,1.229
2026-07-20T16:30:00+00:00,hvac_01,22.769,47.414,4.084,2.521,1.203
2026-07-20T16:45:00+00:00,hvac_01,22.826,47.822,4.021,2.522,1.108
2026-07-20T17:00:00+00:00,hvac_01,22.308,48.109,3.844,2.51,1.112
2026-07-20T17:15:00+00:00,hvac_01,22.137,50.002,3.579,2.522,1.119
2026-07-20T17:30:00+00:00,hvac_01,22.201,49.107,3.941,2.51,1.16
2026-07-20T17:45:00+00:00,hvac_01,22.231,49.376,3.783,2.508,1.138
2026-07-20T18:00:00+00:00,hvac_01,22.153,49.735,4.275,2.479,1.237
2026-07-20T18:15:00+00:00,hvac_01,21.669,50.575,4.112,2.518,1.209
2026-07-20T18:30:00+00:00,hvac_01,21.887,51.475,3.642,2.477,1.1
2026-07-20T18:45:00+00:00,hvac_01,21.708,52.22,3.977,2.503,1.189
2026-07-20T19:00:00+00:00,hvac_01,20.446,52.266,1.401,2.48,0.84
2026-07-20T19:15:00+00:00,hvac_01,20.337,53.4,1.216,2.461,0.755
2026-07-20T19:30:00+00:00,hvac_01,20.008,56.095,1.268,2.485,0.838
2026-07-20T19:45:00+00:00,hvac_01,20.116,53.902,1.14,2.462,0.78
2026-07-20T20:00:00+00:00,hvac_01,19.919,56.212,1.302,2.469,0.87
2026-07-20T20:15:00+00:00,hvac_01,19.776,56.593,1.162,2.474,0.845
2026-07-20T20:30:00+00:00,hvac_01,19.408,56.315,1.41,2.45,0.843
2026-07-20T20:45:00+00:00,hvac_01,19.734,57.833,1.396,2.473,0.844
2026-07-20T21:00:00+00:00,hvac_01,18.997,59.377,1.371,2.454,0.858
2026-07-20T21:15:00+00:00,hvac_01,19.132,58.073,1.338,2.457,0.917
2026-07-20T21:30:00+00:00,hvac_01,19.086,58.199,1.427,2.452,0.865
2026-07-20T21:45:00+00:00,hvac_01,19.52,59.022,1.283,2.461,0.812
2026-07-20T22:00:00+00:00,hvac_01,18.905,61.133,1.388,2.476,0.88
2026-07-20T22:15:00+00:00,hvac_01,19.071,59.39,1.248,2.471,0.857
2026-07-20T22:30:00+00:00,hvac_01,18.561,58.928,1.139,2.48,0.791
2026-07-20T22:45:00+00:00,hvac_01,18.863,59.347,1.218,2.462,0.859
2026-07-20T23:00:00+00:00,hvac_01,18.284,58.922,1.259,2.486,0.869
2026-07-20T23:15:00+00:00,hvac_01,18.595,61.106,1.278,2.489,0.893
2026-07-20T23:30:00+00:00,hvac_01,18.453,60.197,1.446,2.503,0.883
2026-07-20T23:45:00+00:00,hvac_01,18.332,61.543,1.503,2.49,0.893
2026-07-21T00:00:00+00:00,hvac_01,18.117,60.566,1.397,2.508,0.846
2026-07-21T00:15:00+00:00,hvac_01,18.142,60.831,1.557,2.505,0.906
2026-07-21T00:30:00+00:00,hvac_01,18.487,61.73,1.317,2.505,0.889
2026-07-21T00:45:00+00:00,hvac_01,18.365,61.315,1.331,2.513,0.865
2026-07-21T01:00:00+00:00,hvac_01,18.155,60.176,0.921,2.5,0.771
2026-07-21T01:15:00+00:00,hvac_01,18.218,61.588,1.322,2.528,0.809
2026-07-21T01:30:00+00:00,hvac_01,18.776,61.45,1.16,2.524,0.842
2026-07-21T01:45:00+00:00,hvac_01,18.459,61.029,1.481,2.509,0.885
2026-07-21T02:00:00+00:00,hvac_01,18.582,61.325,1.108,2.531,0.86
2026-07-21T02:15:00+00:00,hvac_01,18.47,60.812,0.944,2.536,0.741
2026-07-21T02:30:00+00:00,hvac_01,18.743,60.444,1.423,2.546,0.861
2026-07-21T02:45:00+00:00,hvac_01,18.513,62.432,1.21,2.531,0.823
2026-07-21T03:00:00+00:00,hvac_01,18.458,60.655,1.227,2.503,0.804
2026-07-21T03:15:00+00:00,hvac_01,18.976,61.084,1.6,2.515,0.813
2026-07-21T03:30:00+00:00,hvac_01,19.013,59.277,1.382,2.526,0.9
2026-07-21T03:45:00+00:00,hvac_01,18.793,59.699,1.475,2.541,0.846
2026-07-21T04:00:00+00:00,hvac_01,18.347,60.757,1.234,2.534,0.81
2026-07-21T04:15:00+00:00,hvac_01,19.032,58.488,1.146,2.498,0.858
2026-07-21T04:30:00+00:00,hvac_01,19.212,58.129,1.423,2.522,0.848
2026-07-21T04:45:00+00:00,hvac_01,19.049,59.6,1.567,2.509,0.843
2026-07-21T05:00:00+00:00,hvac_01,19.332,58.59,1.258,2.515,0.873
2026-07-21T05:15:00+00:00,hvac_01,19.559,57.322,1.223,2.509,0.876
2026-07-21T05:30:00+00:00,hvac_01,19.635,57.08,1.249,2.52,0.83
2026-07-21T05:45:00+00:00,hvac_01,20.194,55.959,1.029,2.507,0.833
2026-07-21T06:00:00+00:00,hvac_01,19.805,58.824,1.315,2.515,0.874
2026-07-21T06:15:00+00:00,hvac_01,20.109,54.986,1.274,2.502,0.802
2026-07-21T06:30:00+00:00,hvac_01,19.661,56.225,1.345,2.496,0.846
2026-07-21T06:45:00+00:00,hvac_01,20.486,53.659,1.162,2.48,0.877
2026-07-21T07:00:00+00:00,hvac_01,21.384,52.0,3.975,2.494,1.141
2026-07-21T07:15:00+00:00,hvac_01,21.669,50.978,3.764,2.468,1.113
2026-07-21T07:30:00+00:00,hvac_01,21.886,50.924,3.954,2.485,1.112
2026-07-21T07:45:00+00:00,hvac_01,22.328,50.842,3.801,2.461,1.143
2026-07-21T08:00:00+00:00,hvac_01,21.943,50.684,3.499,2.459,1.042
2026-07-21T08:15:00+00:00,hvac_01,22.295,49.614,3.869,2.468,1.176
2026-07-21T08:30:00+00:00,hvac_01,22.44,50.391,3.889,2.462,1.138
2026-07-21T08:45:00+00:00,hvac_01,22.154,49.163,3.913,2.474,1.073
2026-07-21T09:00:00+00:00,hvac_01,22.423,48.878,4.264,2.473,1.16
2026-07-21T09:15:00+00:00,hvac_01,22.451,48.947,4.079,2.455,1.162
2026-07-21T09:30:00+00:00,hvac_01,23.058,48.505,4.108,2.449,1.184
2026-07-21T09:45:00+00:00,hvac_01,22.878,48.456,4.351,2.459,1.189
2026-07-21T10:00:00+00:00,hvac_01,22.736,45.9,4.067,2.48,1.161
2026-07-21T10:15:00+00:00,hvac_01,23.022,45.756,4.229,2.472,1.176
2026-07-21T10:30:00+00:00,hvac_01,23.022,46.423,4.291,2.48,1.117
2026-07-21T10:45:00+00:00,hvac_01,23.26,46.139,4.308,2.488,1.209
2026-07-21T11:00:00+00:00,hvac_01,23.669,45.983,4.537,2.47,1.233
2026-07-21T11:15:00+00:00,hvac_01,23.03,46.626,4.05,2.471,1.177
2026-07-21T11:30:00+00:00,hvac_01,23.548,47.086,4.341,2.485,1.186
2026-07-21T11:45:00+00:00,hvac_01,23.158,44.913,4.274,2.48,1.104
2026-07-21T12:00:00+00:00,hvac_01,23.148,45.487,4.072,2.512,1.188
2026-07-21T12:15:00+00:00,hvac_01,23.648,45.164,4.443,2.49,1.212
2026-07-21T12:30:00+00:00,hvac_01,23.715,45.311,4.256,2.489,1.172
2026-07-21T12:45:00+00:00,hvac_01,23.497,46.938,4.162,2.495,1.181
2026-07-21T13:00:00+00:00,hvac_01,23.442,47.452,4.17,2.536,1.138
2026-07-21T13:15:00+00:00,hvac_01,23.538,45.03,4.245,2.537,1.199
2026-07-21T13:30:00+00:00,hvac_01,23.319,46.328,4.185,2.541,1.179
2026-07-21T13:45:00+00:00,hvac_01,23.334,45.449,4.19,2.507,1.222
2026-07-21T14:00:00+00:00,hvac_01,23.345,44.902,4.104,2.533,1.093
2026-07-21T14:15:00+00:00,hvac_01,23.204,45.825,4.091,2.54,1.185
2026-07-21T14:30:00+00:00,hvac_01,23.583,45.648,4.291,2.526,1.251
2026-07-21T14:45:00+00:00,hvac_01,23.451,46.261,4.415,2.557,1.249
2026-07-21T15:00:00+00:00,hvac_01,22.899,46.508,4.435,2.532,1.198
2026-07-21T15:15:00+00:00,hvac_01,23.033,46.978,4.157,2.55,1.134
2026-07-21T15:30:00+00:00,hvac_01,23.043,47.015,4.159,2.53,1.179
2026-07-21T15:45:00+00:00,hvac_01,22.956,47.288,3.981,2.547,1.085
2026-07-21T16:00:00+00:00,hvac_01,22.786,48.66,3.802,2.555,1.111
2026-07-21T16:15:00+00:00,hvac_01,22.767,47.898,4.279,2.526,1.208
2026-07-21T16:30:00+00:00,hvac_01,22.938,49.551,4.214,2.517,1.135
2026-07-21T16:45:00+00:00,hvac_01,22.462,48.448,3.924,2.531,1.077
2026-07-21T17:00:00+00:00,hvac_01,22.355,49.772,3.919,2.516,1.168
2026-07-21T17:15:00+00:00,hvac_01,22.704,50.555,3.982,2.491,1.155
2026-07-21T17:30:00+00:00,hvac_01,22.027,49.653,3.735,2.522,1.108
2026-07-21T17:45:00+00:00,hvac_01,22.081,51.282,3.943,2.501,1.159
2026-07-21T18:00:00+00:00,hvac_01,22.331,51.651,3.944,2.506,1.155
2026-07-21T18:15:00+00:00,hvac_01,22.155,51.203,3.998,2.521,1.127
2026-07-21T18:30:00+00:00,hvac_01,21.72,53.223,4.127,2.501,1.183
2026-07-21T18:45:00+00:00,hvac_01,21.569,51.081,3.716,2.499,1.108
2026-07-21T19:00:00+00:00,hvac_01,20.389,54.939,1.226,2.477,0.774
2026-07-21T19:15:00+00:00,hvac_01,20.401,55.262,1.287,2.474,0.881
2026-07-21T19:30:00+00:00,hvac_01,19.986,56.951,1.371,2.487,0.859
2026-07-21T19:45:00+00:00,hvac_01,19.543,55.423,0.987,2.473,0.839
2026-07-21T20:00:00+00:00,hvac_01,20.358,56.206,1.176,2.45,0.943
2026-07-21T20:15:00+00:00,hvac_01,19.912,58.27,1.187,2.464,0.838
2026-07-21T20:30:00+00:00,hvac_01,19.142,57.099,1.244,2.47,0.895
2026-07-21T20:45:00+00:00,hvac_01,19.58,57.673,1.121,2.458,0.905
2026-07-21T21:00:00+00:00,hvac_01,19.446,58.586,1.493,2.472,0.898
2026-07-21T21:15:00+00:00,hvac_01,19.032,59.817,1.075,2.464,0.792
2026-07-21T21:30:00+00:00,hvac_01,19.527,59.892,1.197,2.454,0.833
2026-07-21T21:45:00+00:00,hvac_01,19.119,58.266,1.372,2.479,0.866
2026-07-21T22:00:00+00:00,hvac_01,19.048,61.017,1.352,2.473,0.846
2026-07-21T22:15:00+00:00,hvac_01,18.789,60.534,0.936,2.476,0.778
2026-07-21T22:30:00+00:00,hvac_01,18.823,60.875,1.198,2.454,0.867
2026-07-21T22:45:00+00:00,hvac_01,18.758,61.281,1.291,2.468,0.902
2026-07-21T23:00:00+00:00,hvac_01,18.639,62.115,1.115,2.474,0.852
2026-07-21T23:15:00+00:00,hvac_01,18.629,61.692,1.438,2.467,0.879
2026-07-21T23:30:00+00:00,hvac_01,18.207,63.297,1.294,2.51,0.919
2026-07-21T23:45:00+00:00,hvac_01,18.326,61.782,1.461,2.486,0.876
2026-07-22T00:00:00+00:00,hvac_01,18.34,61.348,1.554,2.509,0.877
2026-07-22T00:15:00+00:00,hvac_01,18.098,62.267,1.349,2.526,0.941
2026-07-22T00:30:00+00:00,hvac_01,18.414,63.765,1.285,2.52,0.87
2026-07-22T00:45:00+00:00,hvac_01,18.246,63.744,1.218,2.506,0.823
2026-07-22T01:00:00+00:00,hvac_01,18.547,63.163,1.368,2.52,0.822
2026-07-22T01:15:00+00:00,hvac_01,18.631,63.098,1.311,2.51,0.839
2026-07-22T01:30:00+00:00,hvac_01,18.512,61.905,1.348,2.527,0.884
2026-07-22T01:45:00+00:00,hvac_01,18.607,63.081,1.291,2.517,0.855
2026-07-22T02:00:00+00:00,hvac_01,26.722,62.512,6.016,2.163,3.142
2026-07-22T02:15:00+00:00,hvac_01,26.244,61.071,5.613,2.17,3.1
2026-07-22T02:30:00+00:00,hvac_01,26.3,62.381,5.718,2.164,3.072
2026-07-22T02:45:00+00:00,hvac_01,26.607,60.874,5.905,2.174,3.014
2026-07-22T03:00:00+00:00,hvac_01,18.862,61.29,1.075,2.528,0.82
2026-07-22T03:15:00+00:00,hvac_01,18.692,60.409,1.418,2.54,0.87
2026-07-22T03:30:00+00:00,hvac_01,19.18,61.243,1.31,2.532,0.867
2026-07-22T03:45:00+00:00,hvac_01,19.15,60.388,1.378,2.524,0.852
2026-07-22T04:00:00+00:00,hvac_01,18.762,59.306,1.326,2.515,0.901
2026-07-22T04:15:00+00:00,hvac_01,19.27,59.865,1.356,2.534,0.908
2026-07-22T04:30:00+00:00,hvac_01,18.947,60.097,1.418,2.522,0.893
2026-07-22T04:45:00+00:00,hvac_01,19.16,61.143,1.378,2.519,0.922
2026-07-22T05:00:00+00:00,hvac_01,19.373,59.241,1.359,2.536,0.862
2026-07-22T05:15:00+00:00,hvac_01,19.963,59.338,1.402,2.523,0.917
2026-07-22T05:30:00+00:00,hvac_01,19.754,58.236,1.471,2.513,0.915
2026-07-22T05:45:00+00:00,hvac_01,19.557,58.895,1.312,2.522,0.889
2026-07-22T06:00:00+00:00,hvac_01,19.902,57.824,1.121,2.479,0.814
2026-07-22T06:15:00+00:00,hvac_01,20.324,56.142,1.168,2.507,0.871
2026-07-22T06:30:00+00:00,hvac_01,20.02,56.227,1.184,2.501,0.871
2026-07-22T06:45:00+00:00,hvac_01,20.113,54.764,1.012,2.493,0.861
2026-07-22T07:00:00+00:00,hvac_01,21.503,52.809,3.667,2.492,1.036
2026-07-22T07:15:00+00:00,hvac_01,21.702,52.69,3.789,2.505,1.164
2026-07-22T07:30:00+00:00,hvac_01,21.772,52.458,3.639,2.461,1.065
2026-07-22T07:45:00+00:00,hvac_01,21.84,51.025,3.84,2.468,1.168
2026-07-22T08:00:00+00:00,hvac_01,22.027,51.433,3.838,2.458,1.162
2026-07-22T08:15:00+00:00,hvac_01,22.13,52.81,4.059,2.47,1.214
2026-07-22T08:30:00+00:00,hvac_01,22.012,50.25,3.642,2.476,1.152
2026-07-22T08:45:00+00:00,hvac_01,22.165,51.126,3.962,2.453,1.156
2026-07-22T09:00:00+00:00,hvac_01,22.456,51.357,3.98,2.474,1.167
2026-07-22T09:15:00+00:00,hvac_01,22.999,48.869,4.326,2.465,1.185
2026-07-22T09:30:00+00:00,hvac_01,22.755,50.349,4.218,2.458,1.166
2026-07-22T09:45:00+00:00,hvac_01,23.051,49.684,4.106,2.457,1.155
2026-07-22T10:00:00+00:00,hvac_01,22.693,48.842,4.128,2.464,1.123
2026-07-22T10:15:00+00:00,hvac_01,22.947,47.123,4.29,2.478,1.22
2026-07-22T10:30:00+00:00,hvac_01,23.079,48.385,4.365,2.481,1.253
2026-07-22T10:45:00+00:00,hvac_01,23.173,46.508,4.07,2.499,1.133
2026-07-22T11:00:00+00:00,hvac_01,23.387,47.224,4.32,2.498,1.255
2026-07-22T11:15:00+00:00,hvac_01,23.187,47.111,4.294,2.47,1.223
2026-07-22T11:30:00+00:00,hvac_01,23.515,46.744,4.605,2.471,1.262
2026-07-22T11:45:00+00:00,hvac_01,23.33,45.774,4.426,2.494,1.198
2026-07-22T12:00:00+00:00,hvac_01,23.863,45.448,4.328,2.491,1.215
2026-07-22T12:15:00+00:00,hvac_01,23.515,46.322,4.24,2.493,1.207
2026-07-22T12:30:00+00:00,hvac_01,23.143,46.776,4.208,2.522,1.207
2026-07-22T12:45:00+00:00,hvac_01,23.659,46.445,4.098,2.518,1.174
2026-07-22T13:00:00+00:00,hvac_01,23.792,45.606,4.329,2.53,1.178
2026-07-22T13:15:00+00:00,hvac_01,23.717,45.223,4.44,2.526,1.213
2026-07-22T13:30:00+00:00,hvac_01,23.482,47.043,4.074,2.515,1.119
2026-07-22T13:45:00+00:00,hvac_01,23.315,45.802,4.369,2.525,1.23
2026-07-22T14:00:00+00:00,hvac_01,23.738,47.705,4.415,2.494,1.226
2026-07-22T14:15:00+00:00,hvac_01,23.706,45.723,4.353,2.54,1.226
2026-07-22T14:30:00+00:00,hvac_01,23.529,47.324,4.096,2.543,1.162
2026-07-22T14:45:00+00:00,hvac_01,23.82,48.438,4.469,2.551,1.198
2026-07-22T15:00:00+00:00,hvac_01,23.373,47.765,4.464,2.518,1.296
2026-07-22T15:15:00+00:00,hvac_01,23.287,48.577,4.254,2.535,1.195
2026-07-22T15:30:00+00:00,hvac_01,23.151,47.748,4.357,2.561,1.159
2026-07-22T15:45:00+00:00,hvac_01,22.884,46.732,4.122,2.531,1.201
2026-07-22T16:00:00+00:00,hvac_01,22.83,47.086,3.99,2.535,1.164
2026-07-22T16:15:00+00:00,hvac_01,23.283,50.236,4.289,2.536,1.225
2026-07-22T16:30:00+00:00,hvac_01,23.082,50.006,4.21,2.514,1.167
2026-07-22T16:45:00+00:00,hvac_01,22.619,49.083,3.935,2.524,1.111
2026-07-22T17:00:00+00:00,hvac_01,22.312,51.833,3.641,2.529,1.141
2026-07-22T17:15:00+00:00,hvac_01,22.204,51.244,3.736,2.516,1.136
2026-07-22T17:30:00+00:00,hvac_01,22.246,50.985,4.031,2.518,1.225
2026-07-22T17:45:00+00:00,hvac_01,22.021,51.485,3.943,2.512,1.114
2026-07-22T18:00:00+00:00,hvac_01,21.975,52.528,4.112,2.479,1.221
2026-07-22T18:15:00+00:00,hvac_01,21.585,52.792,3.851,2.488,1.148
2026-07-22T18:30:00+00:00,hvac_01,21.835,53.736,3.838,2.503,1.112
2026-07-22T18:45:00+00:00,hvac_01,21.441,52.319,3.872,2.491,1.186
2026-07-22T19:00:00+00:00,hvac_01,20.482,56.443,0.983,2.485,0.816
2026-07-22T19:15:00+00:00,hvac_01,20.454,55.924,1.258,2.498,0.918
2026-07-22T19:30:00+00:00,hvac_01,20.193,56.12,1.381,2.473,0.876
2026-07-22T19:45:00+00:00,hvac_01,19.959,56.587,1.279,2.486,0.91
2026-07-22T20:00:00+00:00,hvac_01,19.812,56.433,0.98,2.472,0.805
2026-07-22T20:15:00+00:00,hvac_01,19.803,58.298,1.374,2.442,0.881
2026-07-22T20:30:00+00:00,hvac_01,19.675,58.425,1.266,2.457,0.859
2026-07-22T20:45:00+00:00,hvac_01,19.733,58.404,1.304,2.473,0.863
2026-07-22T21:00:00+00:00,hvac_01,19.385,58.876,1.304,2.456,0.839
2026-07-22T21:15:00+00:00,hvac_01,19.45,60.295,1.338,2.445,0.821
2026-07-22T21:30:00+00:00,hvac_01,19.035,59.963,1.226,2.465,0.858
2026-07-22T21:45:00+00:00,hvac_01,18.688,61.871,1.376,2.485,0.855
2026-07-22T22:00:00+00:00,hvac_01,18.675,60.802,1.109,2.468,0.863
2026-07-22T22:15:00+00:00,hvac_01,19.006,59.98,1.184,2.475,0.927
2026-07-22T22:30:00+00:00,hvac_01,18.964,61.463,1.302,2.494,0.887
2026-07-22T22:45:00+00:00,hvac_01,18.695,64.023,1.295,2.488,0.899
2026-07-22T23:00:00+00:00,hvac_01,18.517,62.449,1.216,2.491,0.873
2026-07-22T23:15:00+00:00,hvac_01,18.416,62.586,1.326,2.49,0.831
2026-07-22T23:30:00+00:00,hvac_01,18.769,63.818,1.242,2.496,0.922
2026-07-22T23:45:00+00:00,hvac_01,18.633,63.098,1.095,2.518,0.862
2026-07-23T00:00:00+00:00,hvac_01,18.336,62.902,1.226,2.479,0.887
2026-07-23T00:15:00+00:00,hvac_01,18.686,63.032,1.373,2.502,0.886
2026-07-23T00:30:00+00:00,hvac_01,18.36,63.92,1.23,2.527,0.843
2026-07-23T00:45:00+00:00,hvac_01,18.401,65.184,1.466,2.501,0.882
2026-07-23T01:00:00+00:00,hvac_01,18.592,62.924,1.251,2.52,0.839
2026-07-23T01:15:00+00:00,hvac_01,18.373,62.755,1.385,2.528,0.904
2026-07-23T01:30:00+00:00,hvac_01,18.601,63.29,1.266,2.536,0.829
2026-07-23T01:45:00+00:00,hvac_01,18.283,62.62,1.487,2.533,0.898
2026-07-23T02:00:00+00:00,hvac_01,18.65,64.635,1.136,2.531,0.892
2026-07-23T02:15:00+00:00,hvac_01,18.713,61.836,1.29,2.524,0.868
2026-07-23T02:30:00+00:00,hvac_01,18.543,62.327,1.199,2.544,0.887
2026-07-23T02:45:00+00:00,hvac_01,18.739,61.987,1.189,2.553,0.869
2026-07-23T03:00:00+00:00,hvac_01,18.659,61.088,1.125,2.532,0.843
2026-07-23T03:15:00+00:00,hvac_01,18.561,62.012,1.076,2.558,0.77
2026-07-23T03:30:00+00:00,hvac_01,18.89,62.163,1.204,2.523,0.871
2026-07-23T03:45:00+00:00,hvac_01,18.756,61.667,1.16,2.503,0.901
2026-07-23T04:00:00+00:00,hvac_01,19.205,61.547,1.379,2.549,0.831
2026-07-23T04:15:00+00:00,hvac_01,19.111,60.217,1.206,2.524,0.906
2026-07-23T04:30:00+00:00,hvac_01,19.052,62.354,1.169,2.512,0.841
2026-07-23T04:45:00+00:00,hvac_01,19.159,59.963,1.183,2.513,0.864
2026-07-23T05:00:00+00:00,hvac_01,19.154,58.979,1.137,2.516,0.783
2026-07-23T05:15:00+00:00,hvac_01,19.657,60.528,1.144,2.517,0.849
2026-07-23T05:30:00+00:00,hvac_01,19.254,58.712,1.405,2.51,0.9
2026-07-23T05:45:00+00:00,hvac_01,19.858,59.171,1.231,2.512,0.923
2026-07-23T06:00:00+00:00,hvac_01,19.732,57.854,1.406,2.505,0.911
2026-07-23T06:15:00+00:00,hvac_01,20.228,57.016,1.211,2.476,0.813
2026-07-23T06:30:00+00:00,hvac_01,20.13,58.535,1.384,2.479,0.874
2026-07-23T06:45:00+00:00,hvac_01,20.619,56.082,1.316,2.47,0.87
2026-07-23T07:00:00+00:00,hvac_01,21.579,54.515,3.835,2.473,1.159
2026-07-23T07:15:00+00:00,hvac_01,21.707,54.123,3.659,2.48,1.11
2026-07-23T07:30:00+00:00,hvac_01,21.782,52.268,3.804,2.497,1.193
2026-07-23T07:45:00+00:00,hvac_01,21.641,52.371,3.865,2.48,1.061
2026-07-23T08:00:00+00:00,hvac_01,22.345,53.159,4.025,2.475,1.203
2026-07-23T08:15:00+00:00,hvac_01,22.005,52.118,3.822,2.455,1.156
2026-07-23T08:30:00+00:00,hvac_01,22.172,50.842,3.835,2.466,1.129
2026-07-23T08:45:00+00:00,hvac_01,22.318,50.329,4.073,2.46,1.226
2026-07-23T09:00:00+00:00,hvac_01,22.071,50.265,4.08,2.44,1.25
2026-07-23T09:15:00+00:00,hvac_01,22.495,49.801,3.745,2.452,1.136
2026-07-23T09:30:00+00:00,hvac_01,22.828,48.594,3.99,2.462,1.173
2026-07-23T09:45:00+00:00,hvac_01,22.894,48.803,4.289,2.458,1.161
2026-07-23T10:00:00+00:00,hvac_01,23.018,50.042,4.561,2.469,1.225
2026-07-23T10:15:00+00:00,hvac_01,23.141,48.709,4.227,2.459,1.219
2026-07-23T10:30:00+00:00,hvac_01,23.325,48.427,4.433,2.482,1.225
2026-07-23T10:45:00+00:00,hvac_01,23.712,47.956,4.425,2.477,1.265
2026-07-23T11:00:00+00:00,hvac_01,23.615,48.2,4.411,2.499,1.289
2026-07-23T11:15:00+00:00,hvac_01,23.279,48.832,4.037,2.504,1.183
2026-07-23T11:30:00+00:00,hvac_01,23.161,47.491,4.433,2.477,1.231
2026-07-23T11:45:00+00:00,hvac_01,23.401,48.933,4.398,2.507,1.27
2026-07-23T12:00:00+00:00,hvac_01,23.579,46.817,4.149,2.511,1.243
2026-07-23T12:15:00+00:00,hvac_01,23.638,47.351,4.449,2.472,1.202
2026-07-23T12:30:00+00:00,hvac_01,23.657,47.976,4.714,2.511,1.276
2026-07-23T12:45:00+00:00,hvac_01,23.409,46.453,4.028,2.489,1.139
2026-07-23T13:00:00+00:00,hvac_01,23.051,46.684,3.983,2.531,1.172
2026-07-23T13:15:00+00:00,hvac_01,23.496,47.326,4.216,2.521,1.189
2026-07-23T13:30:00+00:00,hvac_01,23.387,47.171,4.392,2.538,1.25
2026-07-23T13:45:00+00:00,hvac_01,23.853,47.063,4.488,2.526,1.266
2026-07-23T14:00:00+00:00,hvac_01,23.344,48.012,4.256,2.516,1.191
2026-07-23T14:15:00+00:00,hvac_01,23.485,48.376,4.5,2.539,1.278
2026-07-23T14:30:00+00:00,hvac_01,23.778,47.169,4.498,2.526,1.224
2026-07-23T14:45:00+00:00,hvac_01,23.419,47.568,4.235,2.544,1.163
2026-07-23T15:00:00+00:00,hvac_01,23.407,47.595,4.345,2.529,1.27
2026-07-23T15:15:00+00:00,hvac_01,23.331,48.35,4.39,2.531,1.246
2026-07-23T15:30:00+00:00,hvac_01,23.31,49.98,4.364,2.543,1.211
2026-07-23T15:45:00+00:00,hvac_01,22.888,47.707,4.173,2.522,1.24
2026-07-23T16:00:00+00:00,hvac_01,22.662,49.445,4.102,2.527,1.209
2026-07-23T16:15:00+00:00,hvac_01,22.67,48.918,4.06,2.524,1.156
2026-07-23T16:30:00+00:00,hvac_01,22.897,48.509,4.225,2.543,1.139
2026-07-23T16:45:00+00:00,hvac_01,22.629,50.328,4.007,2.523,1.154
2026-07-23T17:00:00+00:00,hvac_01,22.468,50.69,4.178,2.529,1.207
2026-07-23T17:15:00+00:00,hvac_01,22.513,50.422,3.954,2.502,1.207
2026-07-23T17:30:00+00:00,hvac_01,22.611,51.792,3.856,2.491,1.201
2026-07-23T17:45:00+00:00,hvac_01,22.159,51.403,4.093,2.526,1.236
2026-07-23T18:00:00+00:00,hvac_01,21.931,53.301,3.862,2.502,1.179
2026-07-23T18:15:00+00:00,hvac_01,21.657,52.177,3.776,2.477,1.195
2026-07-23T18:30:00+00:00,hvac_01,21.744,54.194,3.731,2.506,1.122
2026-07-23T18:45:00+00:00,hvac_01,22.167,54.884,3.731,2.498,1.126
2026-07-23T19:00:00+00:00,hvac_01,20.14,56.856,1.395,2.479,0.935
2026-07-23T19:15:00+00:00,hvac_01,20.383,58.164,1.103,2.507,0.843
2026-07-23T19:30:00+00:00,hvac_01,20.387,59.21,1.251,2.469,0.833
2026-07-23T19:45:00+00:00,hvac_01,20.548,58.337,1.226,2.474,0.812
2026-07-23T20:00:00+00:00,hvac_01,19.803,58.261,1.335,2.47,0.909
2026-07-23T20:15:00+00:00,hvac_01,19.674,59.12,1.303,2.469,0.898
2026-07-23T20:30:00+00:00,hvac_01,19.682,60.28,1.332,2.457,0.855
2026-07-23T20:45:00+00:00,hvac_01,19.574,58.312,1.292,2.457,0.809
2026-07-23T21:00:00+00:00,hvac_01,19.221,58.627,1.181,2.445,0.885
2026-07-23T21:15:00+00:00,hvac_01,19.373,60.393,1.17,2.469,0.795
2026-07-23T21:30:00+00:00,hvac_01,19.348,59.583,1.116,2.472,0.899
2026-07-23T21:45:00+00:00,hvac_01,19.201,61.069,1.051,2.471,0.903
2026-07-23T22:00:00+00:00,hvac_01,19.014,60.727,1.101,2.489,0.816
2026-07-23T22:15:00+00:00,hvac_01,18.661,62.814,1.14,2.477,0.882
2026-07-23T22:30:00+00:00,hvac_01,18.866,62.963,1.133,2.49,0.839
2026-07-23T22:45:00+00:00,hvac_01,18.81,61.292,1.432,2.508,0.916
2026-07-23T23:00:00+00:00,hvac_01,18.541,62.9,1.133,2.462,0.85
2026-07-23T23:15:00+00:00,hvac_01,18.612,62.759,1.186,2.501,0.822
2026-07-23T23:30:00+00:00,hvac_01,18.728,63.158,1.118,2.486,0.824
2026-07-23T23:45:00+00:00,hvac_01,18.559,64.06,1.212,2.497,0.843
2026-07-24T00:00:00+00:00,hvac_01,18.431,64.547,1.035,2.487,0.821
2026-07-24T00:15:00+00:00,hvac_01,18.482,62.81,1.272,2.493,0.872
2026-07-24T00:30:00+00:00,hvac_01,18.531,61.408,1.105,2.507,0.852
2026-07-24T00:45:00+00:00,hvac_01,18.269,62.675,1.549,2.507,0.897
2026-07-24T01:00:00+00:00,hvac_01,18.513,62.468,1.205,2.519,0.868
2026-07-24T01:15:00+00:00,hvac_01,18.491,62.877,1.259,2.535,0.844
2026-07-24T01:30:00+00:00,hvac_01,18.392,64.315,1.171,2.546,0.847
2026-07-24T01:45:00+00:00,hvac_01,18.381,63.412,1.272,2.52,0.923
2026-07-24T02:00:00+00:00,hvac_01,18.278,62.965,1.489,2.535,0.903
2026-07-24T02:15:00+00:00,hvac_01,18.581,64.313,1.385,2.524,0.864
2026-07-24T02:30:00+00:00,hvac_01,18.446,65.181,1.208,2.525,0.902
2026-07-24T02:45:00+00:00,hvac_01,18.223,62.757,1.068,2.53,0.86
2026-07-24T03:00:00+00:00,hvac_01,18.572,62.951,1.462,2.533,0.925
2026-07-24T03:15:00+00:00,hvac_01,18.586,62.686,1.242,2.553,0.85
2026-07-24T03:30:00+00:00,hvac_01,18.77,62.155,1.36,2.531,0.847
2026-07-24T03:45:00+00:00,hvac_01,18.526,62.203,1.113,2.538,0.876
2026-07-24T04:00:00+00:00,hvac_01,18.98,62.099,0.957,2.528,0.846
2026-07-24T04:15:00+00:00,hvac_01,19.487,60.421,1.371,2.529,0.852
2026-07-24T04:30:00+00:00,hvac_01,19.192,59.286,1.212,2.542,0.811
2026-07-24T04:45:00+00:00,hvac_01,19.017,59.993,1.142,2.519,0.868
2026-07-24T05:00:00+00:00,hvac_01,19.329,60.066,1.228,2.534,0.904
2026-07-24T05:15:00+00:00,hvac_01,19.521,59.44,1.278,2.511,0.89
2026-07-24T05:30:00+00:00,hvac_01,19.593,60.188,1.343,2.495,0.865
2026-07-24T05:45:00+00:00,hvac_01,19.657,57.083,1.472,2.515,0.903
2026-07-24T06:00:00+00:00,hvac_01,19.8,58.735,1.01,2.505,0.862
2026-07-24T06:15:00+00:00,hvac_01,20.399,57.253,1.148,2.518,0.878
2026-07-24T06:30:00+00:00,hvac_01,20.51,56.823,1.122,2.487,0.888
2026-07-24T06:45:00+00:00,hvac_01,20.956,56.104,1.341,2.479,0.933
2026-07-24T07:00:00+00:00,hvac_01,21.782,54.468,3.92,2.492,1.064
2026-07-24T07:15:00+00:00,hvac_01,21.921,55.896,3.909,2.466,1.153
2026-07-24T07:30:00+00:00,hvac_01,21.801,55.066,3.989,2.487,1.186
2026-07-24T07:45:00+00:00,hvac_01,21.809,53.274,4.308,2.465,1.202
2026-07-24T08:00:00+00:00,hvac_01,22.23,53.465,3.916,2.458,1.119
2026-07-24T08:15:00+00:00,hvac_01,22.355,50.881,4.074,2.463,1.215
2026-07-24T08:30:00+00:00,hvac_01,22.644,52.382,4.322,2.461,1.195
2026-07-24T08:45:00+00:00,hvac_01,22.657,49.671,4.266,2.452,1.208
2026-07-24T09:00:00+00:00,hvac_01,22.641,49.69,4.158,2.462,1.184
2026-07-24T09:15:00+00:00,hvac_01,22.911,49.593,4.313,2.478,1.279
2026-07-24T09:30:00+00:00,hvac_01,22.521,50.417,4.185,2.464,1.165
2026-07-24T09:45:00+00:00,hvac_01,22.634,49.97,4.232,2.484,1.202
2026-07-24T10:00:00+00:00,hvac_01,22.907,46.971,4.116,2.478,1.153
2026-07-24T10:15:00+00:00,hvac_01,22.955,49.193,4.262,2.471,1.133
2026-07-24T10:30:00+00:00,hvac_01,22.989,47.393,4.387,2.458,1.237
2026-07-24T10:45:00+00:00,hvac_01,23.407,48.286,4.276,2.504,1.176
2026-07-24T11:00:00+00:00,hvac_01,23.219,48.268,4.357,2.477,1.19
2026-07-24T11:15:00+00:00,hvac_01,23.405,45.504,4.068,2.496,1.093
2026-07-24T11:30:00+00:00,hvac_01,23.315,47.222,4.203,2.484,1.216
2026-07-24T11:45:00+00:00,hvac_01,23.408,45.051,4.433,2.499,1.224
2026-07-24T12:00:00+00:00,hvac_01,23.314,45.453,4.609,2.499,1.275
2026-07-24T12:15:00+00:00,hvac_01,23.64,46.695,4.661,2.52,1.29
2026-07-24T12:30:00+00:00,hvac_01,23.4,45.899,4.51,2.511,1.227
2026-07-24T12:45:00+00:00,hvac_01,23.397,45.439,4.505,2.515,1.198
2026-07-24T13:00:00+00:00,hvac_01,23.528,45.673,4.291,2.507,1.221
2026-07-24T13:15:00+00:00,hvac_01,23.665,46.501,4.712,2.521,1.236
2026-07-24T13:30:00+00:00,hvac_01,23.675,47.38,4.259,2.547,1.21
2026-07-24T13:45:00+00:00,hvac_01,23.398,47.671,4.462,2.551,1.259
2026-07-24T14:00:00+00:00,hvac_01,23.347,46.867,4.314,2.54,1.151
2026-07-24T14:15:00+00:00,hvac_01,23.604,46.647,4.227,2.515,1.166
2026-07-24T14:30:00+00:00,hvac_01,23.532,47.664,4.412,2.545,1.201
2026-07-24T14:45:00+00:00,hvac_01,23.505,47.772,4.347,2.526,1.183
2026-07-24T15:00:00+00:00,hvac_01,23.131,47.8,4.237,2.517,1.218
2026-07-24T15:15:00+00:00,hvac_01,23.375,46.954,4.473,2.543,1.23
2026-07-24T15:30:00+00:00,hvac_01,23.055,49.084,4.205,2.553,1.193
2026-07-24T15:45:00+00:00,hvac_01,22.33,47.464,4.082,2.538,1.211
2026-07-24T16:00:00+00:00,hvac_01,23.209,50.013,4.216,2.541,1.224
2026-07-24T16:15:00+00:00,hvac_01,22.679,49.538,4.248,2.539,1.267
2026-07-24T16:30:00+00:00,hvac_01,23.294,49.607,4.232,2.533,1.203
2026-07-24T16:45:00+00:00,hvac_01,22.826,50.072,3.879,2.515,1.133
2026-07-24T17:00:00+00:00,hvac_01,22.064,50.679,4.111,2.505,1.22
2026-07-24T17:15:00+00:00,hvac_01,22.096,50.088,3.867,2.519,1.208
2026-07-24T17:30:00+00:00,hvac_01,22.208,51.313,3.896,2.513,1.12
2026-07-24T17:45:00+00:00,hvac_01,22.07,51.457,3.571,2.509,1.123
2026-07-24T18:00:00+00:00,hvac_01,21.877,51.761,3.841,2.52,1.136
2026-07-24T18:15:00+00:00,hvac_01,21.598,52.514,4.079,2.492,1.184
2026-07-24T18:30:00+00:00,hvac_01,21.544,52.31,3.932,2.495,1.171
2026-07-24T18:45:00+00:00,hvac_01,21.553,54.229,3.746,2.495,1.153
2026-07-24T19:00:00+00:00,hvac_01,20.236,55.171,1.069,2.486,0.855
2026-07-24T19:15:00+00:00,hvac_01,20.159,55.841,1.176,2.482,0.871
2026-07-24T19:30:00+00:00,hvac_01,20.301,57.619,1.288,2.489,0.831
2026-07-24T19:45:00+00:00,hvac_01,19.954,57.399,1.194,2.488,0.823
2026-07-24T20:00:00+00:00,hvac_01,20.078,58.979,1.125,2.461,0.914
2026-07-24T20:15:00+00:00,hvac_01,19.812,57.328,1.146,2.474,0.894
2026-07-24T20:30:00+00:00,hvac_01,19.144,58.352,1.158,2.489,0.858
2026-07-24T20:45:00+00:00,hvac_01,19.734,58.328,1.202,2.435,0.898
2026-07-24T21:00:00+00:00,hvac_01,19.676,59.079,1.079,2.494,0.829
2026-07-24T21:15:00+00:00,hvac_01,19.344,60.575,1.314,2.456,0.95
2026-07-24T21:30:00+00:00,hvac_01,18.915,60.583,1.158,2.464,0.868
2026-07-24T21:45:00+00:00,hvac_01,18.735,60.771,1.422,2.461,0.926
2026-07-24T22:00:00+00:00,hvac_01,19.15,61.31,1.099,2.46,0.862
2026-07-24T22:15:00+00:00,hvac_01,19.014,61.373,0.988,2.482,0.8
2026-07-24T22:30:00+00:00,hvac_01,19.125,63.204,1.467,2.473,0.906
2026-07-24T22:45:00+00:00,hvac_01,18.37,61.581,1.596,2.455,0.917
2026-07-24T23:00:00+00:00,hvac_01,18.628,62.479,1.18,2.492,0.858
2026-07-24T23:15:00+00:00,hvac_01,18.364,61.564,1.318,2.469,0.904
2026-07-24T23:30:00+00:00,hvac_01,18.071,63.663,1.086,2.508,0.907
2026-07-24T23:45:00+00:00,hvac_01,18.441,63.872,1.279,2.5,0.923
2026-07-25T00:00:00+00:00,hvac_01,18.4,63.508,1.134,2.519,0.833
2026-07-25T00:15:00+00:00,hvac_01,18.679,63.04,1.349,2.481,0.876
2026-07-25T00:30:00+00:00,hvac_01,18.535,63.308,1.172,2.521,0.85
2026-07-25T00:45:00+00:00,hvac_01,18.149,63.216,1.242,2.504,0.82
2026-07-25T01:00:00+00:00,hvac_01,18.602,62.479,1.211,2.534,0.85
2026-07-25T01:15:00+00:00,hvac_01,18.465,62.542,1.157,2.503,0.913
2026-07-25T01:30:00+00:00,hvac_01,18.497,63.171,1.25,2.514,0.871
2026-07-25T01:45:00+00:00,hvac_01,18.205,63.069,1.32,2.525,0.895
2026-07-25T02:00:00+00:00,hvac_01,18.601,62.998,1.022,2.521,0.837
2026-07-25T02:15:00+00:00,hvac_01,18.771,62.487,1.28,2.533,0.855
2026-07-25T02:30:00+00:00,hvac_01,18.627,61.117,1.135,2.555,0.883
2026-07-25T02:45:00+00:00,hvac_01,18.472,62.515,1.187,2.522,0.865
2026-07-25T03:00:00+00:00,hvac_01,18.506,62.935,1.217,2.526,0.86
2026-07-25T03:15:00+00:00,hvac_01,18.696,62.224,1.355,2.524,0.9
2026-07-25T03:30:00+00:00,hvac_01,19.081,61.617,1.404,2.526,0.918
2026-07-25T03:45:00+00:00,hvac_01,18.935,61.932,1.286,2.539,0.808
2026-07-25T04:00:00+00:00,hvac_01,18.718,60.71,1.088,2.516,0.759
2026-07-25T04:15:00+00:00,hvac_01,18.868,60.476,1.069,2.535,0.779
2026-07-25T04:30:00+00:00,hvac_01,19.636,60.845,0.886,2.501,0.824
2026-07-25T04:45:00+00:00,hvac_01,18.948,58.904,1.301,2.498,0.89
2026-07-25T05:00:00+00:00,hvac_01,19.418,57.903,1.444,2.525,0.861
2026-07-25T05:15:00+00:00,hvac_01,19.79,58.094,0.99,2.511,0.837
2026-07-25T05:30:00+00:00,hvac_01,19.665,58.118,1.264,2.507,0.87
2026-07-25T05:45:00+00:00,hvac_01,20.045,57.657,1.356,2.5,0.846
2026-07-25T06:00:00+00:00,hvac_01,19.633,57.519,1.274,2.484,0.821
2026-07-25T06:15:00+00:00,hvac_01,20.44,57.029,1.186,2.497,0.831
2026-07-25T06:30:00+00:00,hvac_01,20.238,56.392,1.018,2.477,0.844
2026-07-25T06:45:00+00:00,hvac_01,20.085,56.408,1.212,2.483,0.88
2026-07-25T07:00:00+00:00,hvac_01,20.539,55.88,1.144,2.487,0.872
2026-07-25T07:15:00+00:00,hvac_01,20.569,54.454,1.314,2.489,0.846
2026-07-25T07:30:00+00:00,hvac_01,20.873,53.552,1.018,2.482,0.833
2026-07-25T07:45:00+00:00,hvac_01,20.687,52.964,1.3,2.475,0.899
2026-07-25T08:00:00+00:00,hvac_01,21.074,52.913,1.4,2.493,0.874
2026-07-25T08:15:00+00:00,hvac_01,21.057,52.774,1.174,2.451,0.855
2026-07-25T08:30:00+00:00,hvac_01,21.296,51.588,1.408,2.499,0.888
2026-07-25T08:45:00+00:00,hvac_01,21.223,51.815,1.323,2.464,0.869
2026-07-25T09:00:00+00:00,hvac_01,21.616,50.62,1.338,2.456,0.932
2026-07-25T09:15:00+00:00,hvac_01,21.519,49.535,1.367,2.45,1.006
2026-07-25T09:30:00+00:00,hvac_01,22.044,51.128,1.135,2.475,0.873
2026-07-25T09:45:00+00:00,hvac_01,21.824,49.731,1.144,2.473,0.868
2026-07-25T10:00:00+00:00,hvac_01,21.872,49.621,1.379,2.485,0.874
2026-07-25T10:15:00+00:00,hvac_01,21.994,49.958,0.965,2.466,0.799
2026-07-25T10:30:00+00:00,hvac_01,22.048,49.356,1.432,2.5,0.935
2026-07-25T10:45:00+00:00,hvac_01,22.161,49.007,1.218,2.483,0.843
2026-07-25T11:00:00+00:00,hvac_01,22.447,49.35,1.334,2.498,0.891
2026-07-25T11:15:00+00:00,hvac_01,22.284,47.703,1.586,2.474,0.959
2026-07-25T11:30:00+00:00,hvac_01,22.87,48.439,1.594,2.489,0.862
2026-07-25T11:45:00+00:00,hvac_01,22.69,47.446,1.478,2.521,0.89
2026-07-25T12:00:00+00:00,hvac_01,23.071,49.06,1.755,2.509,0.982
2026-07-25T12:15:00+00:00,hvac_01,22.509,47.214,1.41,2.491,0.845
2026-07-25T12:30:00+00:00,hvac_01,22.483,48.376,1.483,2.505,0.864
2026-07-25T12:45:00+00:00,hvac_01,22.415,46.523,1.239,2.494,0.864
2026-07-25T13:00:00+00:00,hvac_01,22.681,47.031,1.504,2.524,0.908
2026-07-25T13:15:00+00:00,hvac_01,22.534,47.77,1.47,2.501,0.922
2026-07-25T13:30:00+00:00,hvac_01,22.701,47.849,1.583,2.541,0.848
2026-07-25T13:45:00+00:00,hvac_01,23.078,47.09,1.469,2.506,0.846
2026-07-25T14:00:00+00:00,hvac_01,22.531,47.242,1.241,2.539,0.783
2026-07-25T14:15:00+00:00,hvac_01,22.238,49.497,1.403,2.53,0.88
2026-07-25T14:30:00+00:00,hvac_01,22.48,48.439,1.443,2.536,0.883
2026-07-25T14:45:00+00:00,hvac_01,22.253,47.691,1.514,2.524,0.888
2026-07-25T15:00:00+00:00,hvac_01,22.034,47.304,1.116,2.529,0.851
2026-07-25T15:15:00+00:00,hvac_01,22.541,48.234,1.418,2.531,0.932
2026-07-25T15:30:00+00:00,hvac_01,22.339,48.559,1.459,2.528,0.892
2026-07-25T15:45:00+00:00,hvac_01,21.837,48.068,1.183,2.527,0.819
2026-07-25T16:00:00+00:00,hvac_01,21.902,49.483,1.107,2.543,0.857
2026-07-25T16:15:00+00:00,hvac_01,21.856,49.992,1.414,2.539,0.901
2026-07-25T16:30:00+00:00,hvac_01,21.648,51.793,1.194,2.537,0.862
2026-07-25T16:45:00+00:00,hvac_01,21.654,51.257,1.118,2.498,0.889
2026-07-25T17:00:00+00:00,hvac_01,21.691,51.022,1.307,2.51,0.917
2026-07-25T17:15:00+00:00,hvac_01,21.463,50.79,1.411,2.527,0.928
2026-07-25T17:30:00+00:00,hvac_01,20.91,51.66,1.179,2.516,0.886
2026-07-25T17:45:00+00:00,hvac_01,21.084,52.074,1.299,2.513,0.901
2026-07-25T18:00:00+00:00,hvac_01,20.728,51.75,1.251,2.493,0.898
2026-07-25T18:15:00+00:00,hvac_01,20.8,53.665,1.156,2.524,0.821
2026-07-25T18:30:00+00:00,hvac_01,20.635,55.38,1.563,2.486,0.869
2026-07-25T18:45:00+00:00,hvac_01,20.658,54.229,1.248,2.486,0.897
2026-07-25T19:00:00+00:00,hvac_01,20.309,56.367,0.962,2.463,0.854
2026-07-25T19:15:00+00:00,hvac_01,20.442,56.09,1.469,2.481,0.813
2026-07-25T19:30:00+00:00,hvac_01,20.38,55.466,1.299,2.458,0.84
2026-07-25T19:45:00+00:00,hvac_01,20.179,56.275,1.2,2.482,0.84
2026-07-25T20:00:00+00:00,hvac_01,20.043,56.331,1.227,2.441,0.871
2026-07-25T20:15:00+00:00,hvac_01,20.017,56.411,1.026,2.474,0.828
2026-07-25T20:30:00+00:00,hvac_01,19.656,57.84,1.133,2.456,0.823
2026-07-25T20:45:00+00:00,hvac_01,19.413,58.865,1.425,2.461,0.874
2026-07-25T21:00:00+00:00,hvac_01,19.928,58.122,1.185,2.473,0.878
2026-07-25T21:15:00+00:00,hvac_01,19.316,59.063,1.204,2.45,0.855
2026-07-25T21:30:00+00:00,hvac_01,19.461,58.288,1.32,2.447,0.861
2026-07-25T21:45:00+00:00,hvac_01,19.216,60.605,1.247,2.458,0.831
2026-07-25T22:00:00+00:00,hvac_01,19.236,58.999,1.45,2.443,0.828
2026-07-25T22:15:00+00:00,hvac_01,19.068,60.619,1.159,2.471,0.812
2026-07-25T22:30:00+00:00,hvac_01,18.83,61.443,1.0,2.486,0.837
2026-07-25T22:45:00+00:00,hvac_01,18.744,61.932,1.411,2.479,0.908
2026-07-25T23:00:00+00:00,hvac_01,18.407,60.374,1.458,2.495,0.861
2026-07-25T23:15:00+00:00,hvac_01,18.344,61.642,1.126,2.459,0.826
2026-07-25T23:30:00+00:00,hvac_01,18.339,62.159,1.025,2.479,0.868
2026-07-25T23:45:00+00:00,hvac_01,18.429,62.597,1.422,2.484,0.908
2026-07-26T00:00:00+00:00,hvac_01,18.661,61.248,1.055,2.512,0.792
2026-07-26T00:15:00+00:00,hvac_01,18.758,62.451,1.093,2.476,0.82
2026-07-26T00:30:00+00:00,hvac_01,18.538,60.857,1.289,2.491,0.897
2026-07-26T00:45:00+00:00,hvac_01,18.451,63.844,1.305,2.535,0.9
2026-07-26T01:00:00+00:00,hvac_01,18.514,60.715,1.317,2.51,0.869
2026-07-26T01:15:00+00:00,hvac_01,18.221,62.51,1.231,2.518,0.85
2026-07-26T01:30:00+00:00,hvac_01,17.767,62.493,1.228,2.546,0.861
2026-07-26T01:45:00+00:00,hvac_01,18.807,61.091,1.211,2.519,0.862
2026-07-26T02:00:00+00:00,hvac_01,18.642,60.229,1.334,2.522,0.814
2026-07-26T02:15:00+00:00,hvac_01,18.271,61.789,1.158,2.535,0.823
2026-07-26T02:30:00+00:00,hvac_01,18.506,60.185,1.182,2.547,0.853
2026-07-26T02:45:00+00:00,hvac_01,18.817,60.982,1.484,2.522,0.924
2026-07-26T03:00:00+00:00,hvac_01,18.975,60.04,1.378,2.532,0.896
2026-07-26T03:15:00+00:00,hvac_01,18.943,61.632,1.124,2.516,0.811
2026-07-26T03:30:00+00:00,hvac_01,18.62,60.101,1.217,2.526,0.883
2026-07-26T03:45:00+00:00,hvac_01,19.083,60.555,1.143,2.531,0.89
2026-07-26T04:00:00+00:00,hvac_01,18.801,59.463,1.312,2.528,0.915
2026-07-26T04:15:00+00:00,hvac_01,19.007,59.767,1.169,2.523,0.831
2026-07-26T04:30:00+00:00,hvac_01,19.462,58.868,1.433,2.529,0.852
2026-07-26T04:45:00+00:00,hvac_01,19.183,56.95,1.26,2.53,0.844
2026-07-26T05:00:00+00:00,hvac_01,19.501,59.18,1.255,2.519,0.846
2026-07-26T05:15:00+00:00,hvac_01,19.619,56.433,1.065,2.5,0.848
2026-07-26T05:30:00+00:00,hvac_01,19.493,56.797,1.364,2.496,0.807
2026-07-26T05:45:00+00:00,hvac_01,19.497,57.986,1.217,2.495,0.746
2026-07-26T06:00:00+00:00,hvac_01,20.016,55.602,1.029,2.519,0.849
2026-07-26T06:15:00+00:00,hvac_01,20.019,54.451,1.545,2.511,0.929
2026-07-26T06:30:00+00:00,hvac_01,20.394,55.161,1.174,2.489,0.897
2026-07-26T06:45:00+00:00,hvac_01,20.32,53.808,1.242,2.478,0.902
2026-07-26T07:00:00+00:00,hvac_01,20.225,53.441,1.206,2.466,0.744
2026-07-26T07:15:00+00:00,hvac_01,20.428,52.698,1.292,2.494,0.865
2026-07-26T07:30:00+00:00,hvac_01,20.542,53.237,1.338,2.473,0.812
2026-07-26T07:45:00+00:00,hvac_01,20.81,53.42,1.299,2.477,0.835
2026-07-26T08:00:00+00:00,hvac_01,21.014,51.975,1.212,2.454,0.893
2026-07-26T08:15:00+00:00,hvac_01,21.064,51.554,1.08,2.46,0.745
2026-07-26T08:30:00+00:00,hvac_01,21.46,51.249,1.072,2.471,0.81
2026-07-26T08:45:00+00:00,hvac_01,21.258,49.363,1.12,2.472,0.823
2026-07-26T09:00:00+00:00,hvac_01,21.232,50.103,1.243,2.466,0.8
2026-07-26T09:15:00+00:00,hvac_01,21.451,49.723,1.309,2.482,0.843
2026-07-26T09:30:00+00:00,hvac_01,21.433,49.329,1.238,2.457,0.794
2026-07-26T09:45:00+00:00,hvac_01,21.669,49.4,1.336,2.459,0.819
2026-07-26T10:00:00+00:00,hvac_01,22.059,49.053,1.456,2.464,0.898
2026-07-26T10:15:00+00:00,hvac_01,22.015,47.441,1.382,2.479,0.882
2026-07-26T10:30:00+00:00,hvac_01,22.341,48.58,1.288,2.451,0.824
2026-07-26T10:45:00+00:00,hvac_01,22.252,47.395,1.401,2.496,0.855
2026-07-26T11:00:00+00:00,hvac_01,22.128,48.724,1.265,2.482,0.766
2026-07-26T11:15:00+00:00,hvac_01,22.003,48.077,1.304,2.502,0.927
2026-07-26T11:30:00+00:00,hvac_01,22.425,47.133,1.372,2.493,0.893
2026-07-26T11:45:00+00:00,hvac_01,22.335,48.234,1.078,2.502,0.868
2026-07-26T12:00:00+00:00,hvac_01,22.599,47.328,1.288,2.52,0.886
2026-07-26T12:15:00+00:00,hvac_01,22.41,45.192,1.252,2.498,0.773
2026-07-26T12:30:00+00:00,hvac_01,22.643,47.02,1.491,2.506,0.91
2026-07-26T12:45:00+00:00,hvac_01,22.668,48.393,1.391,2.517,0.829
2026-07-26T13:00:00+00:00,hvac_01,22.554,47.251,1.521,2.531,0.904
2026-07-26T13:15:00+00:00,hvac_01,22.451,44.351,1.095,2.546,0.785
2026-07-26T13:30:00+00:00,hvac_01,22.839,46.148,1.418,2.533,0.893
2026-07-26T13:45:00+00:00,hvac_01,22.753,46.257,1.635,2.529,0.948
2026-07-26T14:00:00+00:00,hvac_01,22.62,47.518,1.257,2.551,0.898
2026-07-26T14:15:00+00:00,hvac_01,22.305,47.958,1.23,2.535,0.825
2026-07-26T14:30:00+00:00,hvac_01,22.125,46.92,1.215,2.547,0.799
2026-07-26T14:45:00+00:00,hvac_01,22.268,46.472,1.46,2.538,0.893
2026-07-26T15:00:00+00:00,hvac_01,22.188,47.66,1.464,2.531,0.851
2026-07-26T15:15:00+00:00,hvac_01,22.29,48.113,1.362,2.519,0.835
2026-07-26T15:30:00+00:00,hvac_01,21.938,50.365,1.283,2.513,0.831
2026-07-26T15:45:00+00:00,hvac_01,21.831,50.199,1.344,2.527,0.894
2026-07-26T16:00:00+00:00,hvac_01,22.216,48.071,1.17,2.515,0.821
2026-07-26T16:15:00+00:00,hvac_01,21.878,48.841,1.342,2.532,0.848
2026-07-26T16:30:00+00:00,hvac_01,21.991,47.936,1.237,2.51,0.853
2026-07-26T16:45:00+00:00,hvac_01,21.866,49.226,0.937,2.545,0.855
2026-07-26T17:00:00+00:00,hvac_01,21.829,49.398,1.341,2.521,0.863
2026-07-26T17:15:00+00:00,hvac_01,21.741,52.415,1.283,2.518,0.895
2026-07-26T17:30:00+00:00,hvac_01,21.331,51.023,1.267,2.531,0.891
2026-07-26T17:45:00+00:00,hvac_01,20.63,53.006,1.227,2.489,0.885
2026-07-26T18:00:00+00:00,hvac_01,21.169,52.1,1.255,2.518,0.867
2026-07-26T18:15:00+00:00,hvac_01,20.763,51.008,1.122,2.49,0.808
2026-07-26T18:30:00+00:00,hvac_01,21.043,52.028,1.217,2.509,0.805
2026-07-26T18:45:00+00:00,hvac_01,20.761,53.112,1.568,2.492,0.837
2026-07-26T19:00:00+00:00,hvac_01,20.26,53.239,1.067,2.494,0.77
2026-07-26T19:15:00+00:00,hvac_01,20.474,54.579,1.461,2.498,0.912
2026-07-26T19:30:00+00:00,hvac_01,20.096,54.907,1.082,2.501,0.818
2026-07-26T19:45:00+00:00,hvac_01,20.432,56.081,1.186,2.463,0.825
2026-07-26T20:00:00+00:00,hvac_01,19.871,55.661,1.454,2.485,0.925
2026-07-26T20:15:00+00:00,hvac_01,19.476,55.406,1.191,2.495,0.915
2026-07-26T20:30:00+00:00,hvac_01,19.603,56.82,1.288,2.489,0.867
2026-07-26T20:45:00+00:00,hvac_01,19.923,57.395,1.145,2.456,0.802
2026-07-26T21:00:00+00:00,hvac_01,19.646,58.46,1.588,2.472,0.878
2026-07-26T21:15:00+00:00,hvac_01,19.202,58.203,1.377,2.439,0.817
2026-07-26T21:30:00+00:00,hvac_01,18.94,60.073,1.373,2.461,0.867
2026-07-26T21:45:00+00:00,hvac_01,19.427,58.444,1.305,2.467,0.857
2026-07-26T22:00:00+00:00,hvac_01,19.084,59.638,1.162,2.459,0.838
2026-07-26T22:15:00+00:00,hvac_01,18.872,59.515,1.434,2.466,0.852
2026-07-26T22:30:00+00:00,hvac_01,18.918,59.736,1.189,2.464,0.784
2026-07-26T22:45:00+00:00,hvac_01,18.7,60.976,1.555,2.474,0.886
2026-07-26T23:00:00+00:00,hvac_01,18.82,60.69,1.108,2.493,0.846
2026-07-26T23:15:00+00:00,hvac_01,18.281,60.981,1.323,2.476,0.814
2026-07-26T23:30:00+00:00,hvac_01,18.856,61.283,1.549,2.476,0.853
2026-07-26T23:45:00+00:00,hvac_01,18.382,60.283,1.141,2.495,0.773
2026-07-27T00:00:00+00:00,hvac_01,18.33,60.596,1.415,2.499,0.874
2026-07-27T00:15:00+00:00,hvac_01,18.391,60.447,1.218,2.515,0.874
2026-07-27T00:30:00+00:00,hvac_01,18.694,63.122,1.56,2.509,0.867
2026-07-27T00:45:00+00:00,hvac_01,18.45,61.459,1.171,2.495,0.843
2026-07-27T01:00:00+00:00,hvac_01,18.26,61.173,1.015,2.531,0.762
2026-07-27T01:15:00+00:00,hvac_01,18.836,60.571,1.324,2.52,0.808
2026-07-27T01:30:00+00:00,hvac_01,18.271,61.743,1.18,2.536,0.826
2026-07-27T01:45:00+00:00,hvac_01,18.306,61.278,1.346,2.536,0.915
2026-07-27T02:00:00+00:00,hvac_01,18.32,60.122,1.403,2.521,0.858
2026-07-27T02:15:00+00:00,hvac_01,18.3,60.571,1.168,2.536,0.842
2026-07-27T02:30:00+00:00,hvac_01,18.466,60.187,1.379,2.516,0.844
2026-07-27T02:45:00+00:00,hvac_01,18.58,60.743,1.436,2.541,0.887
2026-07-27T03:00:00+00:00,hvac_01,18.557,60.247,1.034,2.541,0.775
2026-07-27T03:15:00+00:00,hvac_01,18.982,59.849,1.496,2.528,0.857
2026-07-27T03:30:00+00:00,hvac_01,18.534,60.563,1.3,2.546,0.774
2026-07-27T03:45:00+00:00,hvac_01,19.022,60.706,1.504,2.521,0.94
2026-07-27T04:00:00+00:00,hvac_01,18.756,58.261,1.41,2.518,0.859
2026-07-27T04:15:00+00:00,hvac_01,19.039,60.338,1.266,2.55,0.862
2026-07-27T04:30:00+00:00,hvac_01,19.052,59.957,1.275,2.531,0.856
2026-07-27T04:45:00+00:00,hvac_01,19.758,56.826,1.499,2.502,0.832
2026-07-27T05:00:00+00:00,hvac_01,19.126,57.745,1.233,2.523,0.766
2026-07-27T05:15:00+00:00,hvac_01,19.407,57.596,1.377,2.497,0.842
2026-07-27T05:30:00+00:00,hvac_01,19.863,57.521,0.829,2.516,0.763
2026-07-27T05:45:00+00:00,hvac_01,19.397,57.379,1.217,2.512,0.864
2026-07-27T06:00:00+00:00,hvac_01,19.976,55.31,1.143,2.508,0.829
2026-07-27T06:15:00+00:00,hvac_01,20.144,54.703,0.994,2.51,0.79
2026-07-27T06:30:00+00:00,hvac_01,20.435,56.321,1.607,2.486,0.81
2026-07-27T06:45:00+00:00,hvac_01,20.191,55.955,1.226,2.492,0.843
2026-07-27T07:00:00+00:00,hvac_01,21.447,52.762,4.129,2.513,1.167
2026-07-27T07:15:00+00:00,hvac_01,21.337,52.194,3.818,2.472,1.037
2026-07-27T07:30:00+00:00,hvac_01,22.049,51.565,3.875,2.473,1.155
2026-07-27T07:45:00+00:00,hvac_01,21.781,51.3,4.106,2.476,1.178
2026-07-27T08:00:00+00:00,hvac_01,21.574,49.834,3.525,2.471,1.112
2026-07-27T08:15:00+00:00,hvac_01,22.243,49.289,4.089,2.465,1.154
2026-07-27T08:30:00+00:00,hvac_01,22.32,47.784,3.903,2.467,1.112
2026-07-27T08:45:00+00:00,hvac_01,22.408,49.798,3.964,2.465,1.129
2026-07-27T09:00:00+00:00,hvac_01,22.218,49.439,3.897,2.467,1.103
2026-07-27T09:15:00+00:00,hvac_01,22.384,47.103,4.216,2.478,1.115
2026-07-27T09:30:00+00:00,hvac_01,22.627,47.848,4.293,2.459,1.134
2026-07-27T09:45:00+00:00,hvac_01,22.819,46.882,4.467,2.472,1.184
2026-07-27T10:00:00+00:00,hvac_01,22.905,46.104,4.093,2.469,1.174
2026-07-27T10:15:00+00:00,hvac_01,22.726,46.622,4.141,2.467,1.17
2026-07-27T10:30:00+00:00,hvac_01,23.305,44.749,4.32,2.474,1.239
2026-07-27T10:45:00+00:00,hvac_01,23.297,46.543,4.153,2.488,1.198
2026-07-27T11:00:00+00:00,hvac_01,23.505,44.883,4.561,2.467,1.216
2026-07-27T11:15:00+00:00,hvac_01,23.47,45.145,4.269,2.486,1.156
2026-07-27T11:30:00+00:00,hvac_01,23.912,46.168,4.785,2.491,1.228
2026-07-27T11:45:00+00:00,hvac_01,23.576,45.543,4.465,2.482,1.184
2026-07-27T12:00:00+00:00,hvac_01,23.759,47.034,4.39,2.495,1.171
2026-07-27T12:15:00+00:00,hvac_01,23.899,44.865,4.475,2.505,1.196
2026-07-27T12:30:00+00:00,hvac_01,23.666,45.074,4.549,2.521,1.254
2026-07-27T12:45:00+00:00,hvac_01,23.556,44.461,4.338,2.517,1.206
2026-07-27T13:00:00+00:00,hvac_01,23.749,44.517,4.33,2.505,1.144
2026-07-27T13:15:00+00:00,hvac_01,23.458,44.374,4.515,2.53,1.146
2026-07-27T13:30:00+00:00,hvac_01,23.286,44.388,4.412,2.523,1.186
2026-07-27T13:45:00+00:00,hvac_01,23.498,45.373,4.427,2.526,1.139
2026-07-27T14:00:00+00:00,hvac_01,23.585,44.511,4.426,2.511,1.245
2026-07-27T14:15:00+00:00,hvac_01,23.535,45.861,4.492,2.542,1.178
2026-07-27T14:30:00+00:00,hvac_01,23.32,44.038,4.419,2.538,1.208
2026-07-27T14:45:00+00:00,hvac_01,23.199,45.292,4.098,2.514,1.152
2026-07-27T15:00:00+00:00,hvac_01,23.018,48.333,4.28,2.55,1.203
2026-07-27T15:15:00+00:00,hvac_01,23.32,44.966,4.349,2.555,1.148
2026-07-27T15:30:00+00:00,hvac_01,23.428,45.97,4.482,2.526,1.231
2026-07-27T15:45:00+00:00,hvac_01,23.384,46.284,4.351,2.539,1.203
2026-07-27T16:00:00+00:00,hvac_01,23.315,46.707,4.29,2.531,1.187
2026-07-27T16:15:00+00:00,hvac_01,22.592,47.642,4.235,2.53,1.182
2026-07-27T16:30:00+00:00,hvac_01,22.701,47.813,4.079,2.527,1.127
2026-07-27T16:45:00+00:00,hvac_01,22.804,48.899,4.079,2.523,1.19
2026-07-27T17:00:00+00:00,hvac_01,22.532,47.51,4.12,2.515,1.167
2026-07-27T17:15:00+00:00,hvac_01,22.435,49.077,3.989,2.507,1.176
2026-07-27T17:30:00+00:00,hvac_01,22.285,49.807,4.203,2.502,1.159
2026-07-27T17:45:00+00:00,hvac_01,22.214,49.536,4.007,2.492,1.104
2026-07-27T18:00:00+00:00,hvac_01,21.963,50.354,3.934,2.507,1.125
2026-07-27T18:15:00+00:00,hvac_01,21.537,51.165,3.741,2.5,1.111
2026-07-27T18:30:00+00:00,hvac_01,21.579,51.421,3.884,2.501,1.137
2026-07-27T18:45:00+00:00,hvac_01,22.102,50.962,4.194,2.507,1.153
2026-07-27T19:00:00+00:00,hvac_01,20.25,53.584,1.202,2.489,0.856
2026-07-27T19:15:00+00:00,hvac_01,20.523,53.003,0.954,2.481,0.854
2026-07-27T19:30:00+00:00,hvac_01,20.281,56.404,1.081,2.476,0.863
2026-07-27T19:45:00+00:00,hvac_01,20.144,56.518,1.391,2.469,0.846
2026-07-27T20:00:00+00:00,hvac_01,19.68,55.964,1.543,2.451,0.869
2026-07-27T20:15:00+00:00,hvac_01,20.086,56.62,0.988,2.467,0.831
2026-07-27T20:30:00+00:00,hvac_01,19.763,56.614,1.255,2.483,0.81
2026-07-27T20:45:00+00:00,hvac_01,19.957,56.848,1.259,2.464,0.872
2026-07-27T21:00:00+00:00,hvac_01,19.771,57.633,0.978,2.46,0.757
2026-07-27T21:15:00+00:00,hvac_01,18.917,57.825,1.206,2.463,0.779
2026-07-27T21:30:00+00:00,hvac_01,19.378,59.91,1.196,2.487,0.778
2026-07-27T21:45:00+00:00,hvac_01,19.327,59.568,1.258,2.469,0.848
2026-07-27T22:00:00+00:00,hvac_01,18.822,58.206,1.398,2.476,0.874
2026-07-27T22:15:00+00:00,hvac_01,18.878,58.938,1.114,2.455,0.793
2026-07-27T22:30:00+00:00,hvac_01,18.994,60.372,1.212,2.494,0.817
2026-07-27T22:45:00+00:00,hvac_01,18.815,61.647,1.521,2.496,0.921
2026-07-27T23:00:00+00:00,hvac_01,18.505,60.281,1.155,2.5,0.784
2026-07-27T23:15:00+00:00,hvac_01,18.544,60.281,1.13,2.476,0.887
2026-07-27T23:30:00+00:00,hvac_01,18.759,61.118,1.072,2.485,0.831
2026-07-27T23:45:00+00:00,hvac_01,18.485,61.07,1.172,2.5,0.838
2026-07-28T00:00:00+00:00,hvac_01,18.651,62.099,1.352,2.497,0.856
2026-07-28T00:15:00+00:00,hvac_01,17.875,60.991,1.382,2.505,0.816
2026-07-28T00:30:00+00:00,hvac_01,18.185,61.239,1.155,2.5,0.868
2026-07-28T00:45:00+00:00,hvac_01,18.767,61.911,1.1,2.533,0.877
2026-07-28T01:00:00+00:00,hvac_01,18.414,62.181,1.132,2.505,0.893
2026-07-28T01:15:00+00:00,hvac_01,18.566,61.618,1.294,2.523,0.872
2026-07-28T01:30:00+00:00,hvac_01,18.698,62.865,1.118,2.525,0.83
2026-07-28T01:45:00+00:00,hvac_01,18.138,62.821,1.281,2.51,0.849
2026-07-28T02:00:00+00:00,hvac_01,18.406,60.409,1.444,2.534,0.876
2026-07-28T02:15:00+00:00,hvac_01,18.818,62.473,1.26,2.522,0.828
2026-07-28T02:30:00+00:00,hvac_01,18.691,60.78,1.293,2.548,0.898
2026-07-28T02:45:00+00:00,hvac_01,18.457,60.67,1.438,2.528,0.862
2026-07-28T03:00:00+00:00,hvac_01,18.797,61.691,1.182,2.544,0.835
2026-07-28T03:15:00+00:00,hvac_01,18.89,60.353,1.285,2.521,0.817
2026-07-28T03:30:00+00:00,hvac_01,18.636,60.057,1.267,2.537,0.865
2026-07-28T03:45:00+00:00,hvac_01,18.606,60.191,1.179,2.514,0.811
2026-07-28T04:00:00+00:00,hvac_01,19.205,58.448,1.46,2.516,0.859
2026-07-28T04:15:00+00:00,hvac_01,19.198,58.411,1.112,2.535,0.811
2026-07-28T04:30:00+00:00,hvac_01,19.059,58.718,1.27,2.532,0.826
2026-07-28T04:45:00+00:00,hvac_01,19.583,58.136,1.015,2.51,0.828
2026-07-28T05:00:00+00:00,hvac_01,19.489,56.166,1.049,2.52,0.837
2026-07-28T05:15:00+00:00,hvac_01,19.285,57.84,1.227,2.514,0.843
2026-07-28T05:30:00+00:00,hvac_01,19.792,57.154,1.37,2.51,0.896
2026-07-28T05:45:00+00:00,hvac_01,19.852,56.382,0.871,2.514,0.822
2026-07-28T06:00:00+00:00,hvac_01,19.627,54.505,1.243,2.488,0.835
2026-07-28T06:15:00+00:00,hvac_01,20.432,55.661,1.288,2.5,0.863
2026-07-28T06:30:00+00:00,hvac_01,19.761,55.745,1.581,2.488,0.918
2026-07-28T06:45:00+00:00,hvac_01,20.605,56.125,1.172,2.507,0.781
2026-07-28T07:00:00+00:00,hvac_01,21.577,52.835,3.824,2.469,1.17
2026-07-28T07:15:00+00:00,hvac_01,21.443,51.981,3.882,2.475,1.13
2026-07-28T07:30:00+00:00,hvac_01,21.747,51.006,3.733,2.482,1.155
2026-07-28T07:45:00+00:00,hvac_01,21.992,50.567,3.87,2.498,1.14
2026-07-28T08:00:00+00:00,hvac_01,21.763,48.896,4.018,2.456,1.146
2026-07-28T08:15:00+00:00,hvac_01,22.058,49.993,4.093,2.475,1.154
2026-07-28T08:30:00+00:00,hvac_01,22.183,48.317,3.959,2.466,1.081
2026-07-28T08:45:00+00:00,hvac_01,22.289,48.073,3.867,2.47,1.081
2026-07-28T09:00:00+00:00,hvac_01,22.57,48.155,4.171,2.471,1.187
2026-07-28T09:15:00+00:00,hvac_01,22.446,47.199,4.237,2.463,1.132
2026-07-28T09:30:00+00:00,hvac_01,22.672,49.047,3.92,2.475,1.071
2026-07-28T09:45:00+00:00,hvac_01,23.367,47.694,4.244,2.456,1.112
2026-07-28T10:00:00+00:00,hvac_01,22.913,46.565,4.231,2.468,1.175
2026-07-28T10:15:00+00:00,hvac_01,23.228,47.997,4.181,2.458,1.183
2026-07-28T10:30:00+00:00,hvac_01,22.999,45.148,4.014,2.498,1.171
2026-07-28T10:45:00+00:00,hvac_01,23.262,45.777,4.47,2.478,1.134
2026-07-28T11:00:00+00:00,hvac_01,22.807,45.161,4.206,2.461,1.121
2026-07-28T11:15:00+00:00,hvac_01,23.661,47.71,4.12,2.473,1.152
2026-07-28T11:30:00+00:00,hvac_01,23.32,45.45,3.972,2.482,1.144
2026-07-28T11:45:00+00:00,hvac_01,23.185,45.785,4.096,2.485,1.221
2026-07-28T12:00:00+00:00,hvac_01,23.197,46.779,3.994,2.497,1.157
2026-07-28T12:15:00+00:00,hvac_01,23.791,44.215,4.613,2.518,1.25
2026-07-28T12:30:00+00:00,hvac_01,23.213,45.699,4.351,2.504,1.252
2026-07-28T12:45:00+00:00,hvac_01,23.627,44.844,4.418,2.516,1.208
2026-07-28T13:00:00+00:00,hvac_01,23.786,45.037,4.242,2.53,1.163
2026-07-28T13:15:00+00:00,hvac_01,23.6,45.315,4.38,2.527,1.197
2026-07-28T13:30:00+00:00,hvac_01,23.762,46.578,4.57,2.529,1.25
2026-07-28T13:45:00+00:00,hvac_01,23.521,44.887,4.501,2.525,1.18
2026-07-28T14:00:00+00:00,hvac_01,23.445,45.872,4.175,2.537,1.124
2026-07-28T14:15:00+00:00,hvac_01,23.561,46.568,4.442,2.543,1.207
2026-07-28T14:30:00+00:00,hvac_01,23.807,46.094,4.577,2.525,1.201
2026-07-28T14:45:00+00:00,hvac_01,23.391,45.648,4.143,2.516,1.244
2026-07-28T15:00:00+00:00,hvac_01,23.298,46.32,4.473,2.538,1.238
2026-07-28T15:15:00+00:00,hvac_01,23.138,46.258,4.232,2.532,1.124
2026-07-28T15:30:00+00:00,hvac_01,23.412,46.462,4.343,2.525,1.201
2026-07-28T15:45:00+00:00,hvac_01,23.105,46.688,4.478,2.537,1.187
2026-07-28T16:00:00+00:00,hvac_01,22.99,47.604,4.403,2.548,1.214
2026-07-28T16:15:00+00:00,hvac_01,22.411,47.024,4.055,2.51,1.173
2026-07-28T16:30:00+00:00,hvac_01,22.429,49.479,3.973,2.522,1.105
2026-07-28T16:45:00+00:00,hvac_01,22.525,46.989,4.052,2.519,1.18
2026-07-28T17:00:00+00:00,hvac_01,22.533,49.834,4.104,2.522,1.178
2026-07-28T17:15:00+00:00,hvac_01,22.336,49.498,3.969,2.517,1.089
2026-07-28T17:30:00+00:00,hvac_01,22.65,49.27,4.169,2.511,1.145
2026-07-28T17:45:00+00:00,hvac_01,22.489,50.837,3.932,2.487,1.166
2026-07-28T18:00:00+00:00,hvac_01,22.163,50.797,4.065,2.515,1.205
2026-07-28T18:15:00+00:00,hvac_01,21.85,50.773,3.904,2.495,1.138
2026-07-28T18:30:00+00:00,hvac_01,21.473,51.782,3.803,2.487,1.106
2026-07-28T18:45:00+00:00,hvac_01,21.7,51.691,3.795,2.495,1.144
2026-07-28T19:00:00+00:00,hvac_01,20.73,54.538,0.976,2.498,0.883
2026-07-28T19:15:00+00:00,hvac_01,20.148,55.623,1.311,2.463,0.839
2026-07-28T19:30:00+00:00,hvac_01,19.561,56.672,1.168,2.482,0.902
2026-07-28T19:45:00+00:00,hvac_01,20.283,56.599,1.392,2.464,0.861
2026-07-28T20:00:00+00:00,hvac_01,20.061,57.104,1.243,2.468,0.911
2026-07-28T20:15:00+00:00,hvac_01,20.002,58.143,1.395,2.466,0.868
2026-07-28T20:30:00+00:00,hvac_01,19.818,57.417,1.512,2.455,0.891
2026-07-28T20:45:00+00:00,hvac_01,19.471,57.27,1.277,2.475,0.878
2026-07-28T21:00:00+00:00,hvac_01,19.301,57.873,1.278,2.459,0.888
2026-07-28T21:15:00+00:00,hvac_01,19.556,59.237,1.207,2.43,0.842
2026-07-28T21:30:00+00:00,hvac_01,19.105,59.21,1.256,2.443,0.84
2026-07-28T21:45:00+00:00,hvac_01,19.27,59.822,1.302,2.446,0.891
2026-07-28T22:00:00+00:00,hvac_01,19.06,60.028,1.086,2.445,0.801
2026-07-28T22:15:00+00:00,hvac_01,19.147,61.452,1.065,2.484,0.871
2026-07-28T22:30:00+00:00,hvac_01,18.985,59.26,1.097,2.459,0.866
2026-07-28T22:45:00+00:00,hvac_01,19.038,60.857,1.501,2.476,0.888
2026-07-28T23:00:00+00:00,hvac_01,18.802,61.587,1.315,2.478,0.843
2026-07-28T23:15:00+00:00,hvac_01,18.488,60.992,1.354,2.496,0.795
2026-07-28T23:30:00+00:00,hvac_01,18.506,62.842,1.19,2.5,0.89
2026-07-28T23:45:00+00:00,hvac_01,18.464,60.869,1.449,2.488,0.829
2026-07-29T00:00:00+00:00,hvac_01,18.773,61.74,1.146,2.487,0.831
2026-07-29T00:15:00+00:00,hvac_01,18.495,61.636,1.259,2.488,0.853
2026-07-29T00:30:00+00:00,hvac_01,18.452,63.09,1.234,2.519,0.826
2026-07-29T00:45:00+00:00,hvac_01,18.425,63.965,1.068,2.503,0.825
2026-07-29T01:00:00+00:00,hvac_01,18.294,63.948,1.096,2.516,0.838
2026-07-29T01:15:00+00:00,hvac_01,18.671,61.8,1.034,2.526,0.823
2026-07-29T01:30:00+00:00,hvac_01,18.478,61.839,1.195,2.514,0.823
2026-07-29T01:45:00+00:00,hvac_01,18.426,62.748,1.061,2.537,0.888
2026-07-29T02:00:00+00:00,hvac_01,18.732,61.533,1.323,2.551,0.878
2026-07-29T02:15:00+00:00,hvac_01,18.426,61.64,1.109,2.533,0.884
2026-07-29T02:30:00+00:00,hvac_01,18.56,63.069,1.168,2.532,0.829
2026-07-29T02:45:00+00:00,hvac_01,18.55,63.283,1.193,2.536,0.853
2026-07-29T03:00:00+00:00,hvac_01,18.911,63.36,1.399,2.529,0.922
2026-07-29T03:15:00+00:00,hvac_01,18.775,61.206,1.441,2.536,0.892
2026-07-29T03:30:00+00:00,hvac_01,18.313,62.1,1.109,2.526,0.831
2026-07-29T03:45:00+00:00,hvac_01,19.031,61.124,1.379,2.534,0.863
2026-07-29T04:00:00+00:00,hvac_01,19.155,59.954,1.137,2.527,0.865
2026-07-29T04:15:00+00:00,hvac_01,18.663,59.925,1.156,2.54,0.822
2026-07-29T04:30:00+00:00,hvac_01,19.459,59.812,1.164,2.518,0.829
2026-07-29T04:45:00+00:00,hvac_01,19.44,58.613,1.118,2.52,0.891
2026-07-29T05:00:00+00:00,hvac_01,19.557,58.587,1.126,2.514,0.86
2026-07-29T05:15:00+00:00,hvac_01,20.001,58.796,1.16,2.491,0.793
2026-07-29T05:30:00+00:00,hvac_01,20.039,58.827,1.368,2.508,0.859
2026-07-29T05:45:00+00:00,hvac_01,19.872,57.986,1.162,2.498,0.857
2026-07-29T06:00:00+00:00,hvac_01,20.067,57.709,1.337,2.506,0.855
2026-07-29T06:15:00+00:00,hvac_01,20.4,56.1,1.163,2.497,0.868
2026-07-29T06:30:00+00:00,hvac_01,20.567,56.89,1.02,2.498,0.801
2026-07-29T06:45:00+00:00,hvac_01,20.604,55.062,1.378,2.483,0.948
2026-07-29T07:00:00+00:00,hvac_01,21.152,53.586,3.719,2.481,1.086
2026-07-29T07:15:00+00:00,hvac_01,21.679,53.606,3.676,2.466,1.169
2026-07-29T07:30:00+00:00,hvac_01,21.539,51.819,3.66,2.49,1.136
2026-07-29T07:45:00+00:00,hvac_01,22.134,51.579,3.961,2.47,1.186
2026-07-29T08:00:00+00:00,hvac_01,21.883,51.081,4.197,2.474,1.19
2026-07-29T08:15:00+00:00,hvac_01,22.555,49.782,4.124,2.459,1.2
2026-07-29T08:30:00+00:00,hvac_01,22.156,51.337,3.852,2.44,1.173
2026-07-29T08:45:00+00:00,hvac_01,22.559,50.371,4.188,2.479,1.186
2026-07-29T09:00:00+00:00,hvac_01,22.802,51.214,4.006,2.452,1.192
2026-07-29T09:15:00+00:00,hvac_01,22.312,50.195,3.941,2.466,1.145
2026-07-29T09:30:00+00:00,hvac_01,22.903,48.874,4.15,2.463,1.255
2026-07-29T09:45:00+00:00,hvac_01,23.169,48.045,4.295,2.474,1.178
2026-07-29T10:00:00+00:00,hvac_01,23.163,48.044,4.188,2.483,1.19
2026-07-29T10:15:00+00:00,hvac_01,23.216,49.115,4.346,2.479,1.121
2026-07-29T10:30:00+00:00,hvac_01,23.335,47.53,3.975,2.467,1.185
2026-07-29T10:45:00+00:00,hvac_01,23.188,47.621,4.173,2.478,1.174
2026-07-29T11:00:00+00:00,hvac_01,23.686,48.063,4.474,2.488,1.163
2026-07-29T11:15:00+00:00,hvac_01,23.512,46.886,4.294,2.495,1.19
2026-07-29T11:30:00+00:00,hvac_01,23.914,46.858,4.538,2.477,1.269
2026-07-29T11:45:00+00:00,hvac_01,23.564,47.012,4.426,2.502,1.221
2026-07-29T12:00:00+00:00,hvac_01,23.865,47.652,4.602,2.486,1.23
2026-07-29T12:15:00+00:00,hvac_01,23.764,46.55,4.532,2.505,1.277
2026-07-29T12:30:00+00:00,hvac_01,23.627,46.007,4.416,2.509,1.154
2026-07-29T12:45:00+00:00,hvac_01,23.734,45.914,4.322,2.502,1.195
2026-07-29T13:00:00+00:00,hvac_01,23.087,45.94,4.362,2.514,1.165
2026-07-29T13:15:00+00:00,hvac_01,23.423,46.281,4.098,2.509,1.175
2026-07-29T13:30:00+00:00,hvac_01,23.366,46.326,4.363,2.517,1.182
2026-07-29T13:45:00+00:00,hvac_01,23.479,46.108,4.563,2.518,1.249
2026-07-29T14:00:00+00:00,hvac_01,23.437,47.051,4.362,2.532,1.164
2026-07-29T14:15:00+00:00,hvac_01,23.655,47.672,4.669,2.537,1.187
2026-07-29T14:30:00+00:00,hvac_01,23.373,46.344,4.331,2.536,1.212
2026-07-29T14:45:00+00:00,hvac_01,23.661,46.209,4.445,2.51,1.235
2026-07-29T15:00:00+00:00,hvac_01,23.14,47.533,4.595,2.544,1.299
2026-07-29T15:15:00+00:00,hvac_01,22.99,47.537,4.244,2.523,1.205
2026-07-29T15:30:00+00:00,hvac_01,23.076,47.207,4.112,2.527,1.144
2026-07-29T15:45:00+00:00,hvac_01,23.103,49.703,4.114,2.521,1.188
2026-07-29T16:00:00+00:00,hvac_01,23.202,50.267,4.506,2.563,1.26
2026-07-29T16:15:00+00:00,hvac_01,23.204,48.918,4.305,2.531,1.247
2026-07-29T16:30:00+00:00,hvac_01,23.044,49.452,4.265,2.512,1.18
2026-07-29T16:45:00+00:00,hvac_01,22.586,50.653,4.112,2.531,1.21
2026-07-29T17:00:00+00:00,hvac_01,22.222,50.269,4.182,2.522,1.186
2026-07-29T17:15:00+00:00,hvac_01,22.192,52.52,4.079,2.524,1.167
2026-07-29T17:30:00+00:00,hvac_01,22.222,50.331,3.907,2.5,1.211
2026-07-29T17:45:00+00:00,hvac_01,22.601,52.185,4.142,2.502,1.194
2026-07-29T18:00:00+00:00,hvac_01,21.911,53.881,3.917,2.515,1.106
2026-07-29T18:15:00+00:00,hvac_01,22.158,53.077,4.059,2.495,1.257
2026-07-29T18:30:00+00:00,hvac_01,21.901,52.988,3.924,2.484,1.152
2026-07-29T18:45:00+00:00,hvac_01,21.692,51.273,3.934,2.499,1.147
2026-07-29T19:00:00+00:00,hvac_01,20.759,56.21,1.418,2.473,0.957
2026-07-29T19:15:00+00:00,hvac_01,20.353,56.876,1.218,2.455,0.841
2026-07-29T19:30:00+00:00,hvac_01,20.349,56.12,1.157,2.463,0.828
2026-07-29T19:45:00+00:00,hvac_01,19.773,56.247,1.129,2.479,0.801
2026-07-29T20:00:00+00:00,hvac_01,20.014,59.226,1.141,2.474,0.887
2026-07-29T20:15:00+00:00,hvac_01,19.803,60.664,1.171,2.483,0.877
2026-07-29T20:30:00+00:00,hvac_01,19.797,58.117,1.336,2.453,0.895
2026-07-29T20:45:00+00:00,hvac_01,19.489,60.018,1.204,2.468,0.88
2026-07-29T21:00:00+00:00,hvac_01,19.295,59.399,1.243,2.453,0.864
2026-07-29T21:15:00+00:00,hvac_01,19.459,60.502,1.396,2.469,0.882
2026-07-29T21:30:00+00:00,hvac_01,19.088,61.975,0.997,2.475,0.867
2026-07-29T21:45:00+00:00,hvac_01,19.367,62.667,1.318,2.474,0.897
2026-07-29T22:00:00+00:00,hvac_01,19.248,60.542,1.443,2.466,0.837
2026-07-29T22:15:00+00:00,hvac_01,19.208,61.277,1.451,2.476,0.912
2026-07-29T22:30:00+00:00,hvac_01,18.782,62.533,1.304,2.478,0.88
2026-07-29T22:45:00+00:00,hvac_01,18.774,61.236,1.206,2.505,0.919
2026-07-29T23:00:00+00:00,hvac_01,18.842,61.325,1.26,2.482,0.882
2026-07-29T23:15:00+00:00,hvac_01,18.77,63.404,1.235,2.478,0.811
2026-07-29T23:30:00+00:00,hvac_01,18.429,63.668,1.557,2.497,0.902
2026-07-29T23:45:00+00:00,hvac_01,18.614,60.965,1.028,2.479,0.806
2026-07-30T00:00:00+00:00,hvac_01,18.567,63.639,0.882,2.524,0.869
2026-07-30T00:15:00+00:00,hvac_01,18.673,62.569,1.128,2.509,0.835
2026-07-30T00:30:00+00:00,hvac_01,18.742,63.821,1.236,2.526,0.867
2026-07-30T00:45:00+00:00,hvac_01,18.359,62.484,1.108,2.536,0.872
2026-07-30T01:00:00+00:00,hvac_01,18.276,62.404,1.302,2.507,0.85
2026-07-30T01:15:00+00:00,hvac_01,18.443,63.233,1.104,2.524,0.834
2026-07-30T01:30:00+00:00,hvac_01,18.655,63.348,1.198,2.533,0.88
2026-07-30T01:45:00+00:00,hvac_01,18.592,64.276,1.346,2.532,0.896
2026-07-30T02:00:00+00:00,hvac_01,18.402,63.379,1.48,2.539,0.882
2026-07-30T02:15:00+00:00,hvac_01,18.293,62.932,1.093,2.545,0.892
2026-07-30T02:30:00+00:00,hvac_01,18.87,62.575,0.949,2.519,0.851
2026-07-30T02:45:00+00:00,hvac_01,18.907,63.193,1.268,2.536,0.888
2026-07-30T03:00:00+00:00,hvac_01,19.153,62.818,1.249,2.543,0.823
2026-07-30T03:15:00+00:00,hvac_01,18.808,61.253,1.392,2.532,0.907
2026-07-30T03:30:00+00:00,hvac_01,18.617,63.826,1.135,2.539,0.901
2026-07-30T03:45:00+00:00,hvac_01,18.827,61.642,1.233,2.539,0.788
2026-07-30T04:00:00+00:00,hvac_01,18.846,61.809,1.335,2.53,0.904
2026-07-30T04:15:00+00:00,hvac_01,19.057,59.395,1.021,2.544,0.819
2026-07-30T04:30:00+00:00,hvac_01,18.943,61.294,1.09,2.511,0.868
2026-07-30T04:45:00+00:00,hvac_01,19.182,61.141,1.253,2.528,0.839
2026-07-30T05:00:00+00:00,hvac_01,19.548,60.509,1.117,2.501,0.818
2026-07-30T05:15:00+00:00,hvac_01,19.613,61.339,0.945,2.501,0.81
2026-07-30T05:30:00+00:00,hvac_01,19.253,59.719,1.301,2.496,0.873
2026-07-30T05:45:00+00:00,hvac_01,19.604,57.183,1.189,2.515,0.877
2026-07-30T06:00:00+00:00,hvac_01,19.749,58.64,1.294,2.487,0.938
2026-07-30T06:15:00+00:00,hvac_01,19.791,58.489,1.144,2.497,0.894
2026-07-30T06:30:00+00:00,hvac_01,20.075,56.597,1.182,2.508,0.893
2026-07-30T06:45:00+00:00,hvac_01,20.452,57.091,1.185,2.485,0.911
2026-07-30T07:00:00+00:00,hvac_01,22.076,54.797,3.733,2.486,1.069
2026-07-30T07:15:00+00:00,hvac_01,21.925,54.021,3.736,2.485,1.109
2026-07-30T07:30:00+00:00,hvac_01,21.601,53.801,4.105,2.469,1.171
2026-07-30T07:45:00+00:00,hvac_01,21.817,52.64,3.821,2.481,1.157
2026-07-30T08:00:00+00:00,hvac_01,22.0,51.817,3.932,2.476,1.216
2026-07-30T08:15:00+00:00,hvac_01,22.208,51.434,4.089,2.473,1.239
2026-07-30T08:30:00+00:00,hvac_01,22.634,52.009,4.101,2.465,1.23
2026-07-30T08:45:00+00:00,hvac_01,22.748,50.951,4.331,2.459,1.183
2026-07-30T09:00:00+00:00,hvac_01,22.726,50.282,4.139,2.47,1.222
2026-07-30T09:15:00+00:00,hvac_01,22.641,49.196,4.024,2.496,1.223
2026-07-30T09:30:00+00:00,hvac_01,23.132,48.654,4.357,2.466,1.229
2026-07-30T09:45:00+00:00,hvac_01,22.553,51.346,3.91,2.478,1.194
2026-07-30T10:00:00+00:00,hvac_01,23.309,49.986,4.339,2.456,1.254
2026-07-30T10:15:00+00:00,hvac_01,23.359,48.652,4.387,2.475,1.19
2026-07-30T10:30:00+00:00,hvac_01,23.111,48.739,4.466,2.469,1.272
2026-07-30T10:45:00+00:00,hvac_01,23.137,49.459,4.199,2.486,1.2
2026-07-30T11:00:00+00:00,hvac_01,23.226,48.678,4.243,2.475,1.265
2026-07-30T11:15:00+00:00,hvac_01,23.416,47.202,4.456,2.471,1.267
2026-07-30T11:30:00+00:00,hvac_01,23.704,48.016,4.486,2.483,1.251
2026-07-30T11:45:00+00:00,hvac_01,23.834,47.46,4.246,2.53,1.251
2026-07-30T12:00:00+00:00,hvac_01,31.629,48.283,9.07,2.143,3.447
2026-07-30T12:15:00+00:00,hvac_01,31.398,46.683,8.761,2.167,3.418
2026-07-30T12:30:00+00:00,hvac_01,31.842,46.956,9.343,2.157,3.451
2026-07-30T12:45:00+00:00,hvac_01,31.467,47.998,8.525,2.167,3.371
2026-07-30T13:00:00+00:00,hvac_01,23.818,45.982,4.417,2.515,1.252
2026-07-30T13:15:00+00:00,hvac_01,23.844,48.184,4.489,2.512,1.275
2026-07-30T13:30:00+00:00,hvac_01,24.046,47.255,4.513,2.534,1.249
2026-07-30T13:45:00+00:00,hvac_01,23.45,47.199,4.318,2.518,1.301
2026-07-30T14:00:00+00:00,hvac_01,23.694,47.611,4.38,2.535,1.202
2026-07-30T14:15:00+00:00,hvac_01,23.735,48.165,4.54,2.542,1.253
2026-07-30T14:30:00+00:00,hvac_01,23.481,47.624,4.501,2.533,1.218
2026-07-30T14:45:00+00:00,hvac_01,23.008,48.652,4.117,2.541,1.166
2026-07-30T15:00:00+00:00,hvac_01,23.517,48.25,4.223,2.557,1.214
2026-07-30T15:15:00+00:00,hvac_01,23.44,48.338,4.251,2.531,1.274
2026-07-30T15:30:00+00:00,hvac_01,22.961,48.135,4.36,2.517,1.176
2026-07-30T15:45:00+00:00,hvac_01,23.047,48.512,4.099,2.523,1.181
2026-07-30T16:00:00+00:00,hvac_01,23.332,48.276,4.641,2.537,1.206
2026-07-30T16:15:00+00:00,hvac_01,23.096,49.421,4.282,2.554,1.247
2026-07-30T16:30:00+00:00,hvac_01,22.746,49.632,3.944,2.527,1.146
2026-07-30T16:45:00+00:00,hvac_01,22.934,50.136,4.377,2.502,1.198
2026-07-30T17:00:00+00:00,hvac_01,22.723,50.889,3.987,2.505,1.212
2026-07-30T17:15:00+00:00,hvac_01,22.255,51.641,3.95,2.511,1.154
2026-07-30T17:30:00+00:00,hvac_01,22.784,51.106,3.672,2.507,1.186
2026-07-30T17:45:00+00:00,hvac_01,22.241,51.781,4.198,2.506,1.18
2026-07-30T18:00:00+00:00,hvac_01,22.027,52.376,3.913,2.517,1.186
2026-07-30T18:15:00+00:00,hvac_01,22.219,52.482,4.053,2.473,1.144
2026-07-30T18:30:00+00:00,hvac_01,21.792,54.009,3.898,2.486,1.124
2026-07-30T18:45:00+00:00,hvac_01,21.848,51.701,3.856,2.48,1.177
2026-07-30T19:00:00+00:00,hvac_01,20.555,56.618,1.336,2.498,0.925
2026-07-30T19:15:00+00:00,hvac_01,20.645,56.844,1.282,2.499,0.88
2026-07-30T19:30:00+00:00,hvac_01,20.244,55.971,1.321,2.481,0.93
2026-07-30T19:45:00+00:00,hvac_01,20.076,56.925,1.056,2.473,0.851
2026-07-30T20:00:00+00:00,hvac_01,20.132,58.476,1.398,2.485,0.909
2026-07-30T20:15:00+00:00,hvac_01,19.451,58.232,1.387,2.458,0.848
2026-07-30T20:30:00+00:00,hvac_01,19.616,59.252,1.183,2.46,0.827
2026-07-30T20:45:00+00:00,hvac_01,19.984,60.251,1.078,2.436,0.864
2026-07-30T21:00:00+00:00,hvac_01,19.354,60.176,1.169,2.468,0.882
2026-07-30T21:15:00+00:00,hvac_01,18.983,60.348,1.067,2.467,0.873
2026-07-30T21:30:00+00:00,hvac_01,19.239,61.391,1.364,2.485,0.831
2026-07-30T21:45:00+00:00,hvac_01,19.237,61.941,1.316,2.465,0.908
2026-07-30T22:00:00+00:00,hvac_01,19.207,63.012,1.456,2.444,0.895
2026-07-30T22:15:00+00:00,hvac_01,19.23,61.427,1.28,2.476,0.831
2026-07-30T22:30:00+00:00,hvac_01,18.41,63.69,1.046,2.47,0.872
2026-07-30T22:45:00+00:00,hvac_01,18.95,61.995,1.333,2.498,0.927
2026-07-30T23:00:00+00:00,hvac_01,18.552,62.603,1.206,2.485,0.888
2026-07-30T23:15:00+00:00,hvac_01,18.648,63.394,1.182,2.488,0.958
2026-07-30T23:30:00+00:00,hvac_01,19.013,62.446,0.946,2.479,0.887
2026-07-30T23:45:00+00:00,hvac_01,18.425,63.339,1.248,2.506,0.869
2026-07-31T00:00:00+00:00,hvac_01,18.428,62.47,1.243,2.5,0.882
2026-07-31T00:15:00+00:00,hvac_01,18.599,63.052,1.489,2.504,0.967
2026-07-31T00:30:00+00:00,hvac_01,18.213,63.02,1.066,2.482,0.826
2026-07-31T00:45:00+00:00,hvac_01,18.383,62.83,1.394,2.522,0.873
2026-07-31T01:00:00+00:00,hvac_01,18.59,63.073,1.26,2.503,0.841
2026-07-31T01:15:00+00:00,hvac_01,18.475,62.509,1.162,2.542,0.912
2026-07-31T01:30:00+00:00,hvac_01,18.53,65.183,1.293,2.537,0.895
2026-07-31T01:45:00+00:00,hvac_01,18.499,62.588,0.878,2.522,0.843
2026-07-31T02:00:00+00:00,hvac_01,18.521,62.831,1.345,2.536,0.918
2026-07-31T02:15:00+00:00,hvac_01,18.462,64.392,1.238,2.552,0.828
2026-07-31T02:30:00+00:00,hvac_01,19.036,64.074,1.199,2.53,0.871
2026-07-31T02:45:00+00:00,hvac_01,18.975,62.82,0.896,2.535,0.877
2026-07-31T03:00:00+00:00,hvac_01,18.72,63.105,1.261,2.516,0.914
2026-07-31T03:15:00+00:00,hvac_01,18.701,63.789,1.237,2.539,0.864
2026-07-31T03:30:00+00:00,hvac_01,18.737,62.062,1.248,2.534,0.849
2026-07-31T03:45:00+00:00,hvac_01,18.498,61.781,1.059,2.542,0.904
2026-07-31T04:00:00+00:00,hvac_01,19.361,61.294,1.201,2.523,0.882
2026-07-31T04:15:00+00:00,hvac_01,19.033,61.541,1.276,2.531,0.858
2026-07-31T04:30:00+00:00,hvac_01,19.262,60.948,1.052,2.53,0.909
2026-07-31T04:45:00+00:00,hvac_01,19.465,60.147,1.109,2.522,0.801
2026-07-31T05:00:00+00:00,hvac_01,19.631,59.117,1.142,2.496,0.882
2026-07-31T05:15:00+00:00,hvac_01,19.814,59.514,1.285,2.524,0.94
2026-07-31T05:30:00+00:00,hvac_01,19.678,59.122,1.282,2.513,0.847
2026-07-31T05:45:00+00:00,hvac_01,20.007,58.347,1.164,2.5,0.812
2026-07-31T06:00:00+00:00,hvac_01,20.221,57.366,1.413,2.491,0.939
2026-07-31T06:15:00+00:00,hvac_01,20.084,57.116,1.394,2.503,0.85
2026-07-31T06:30:00+00:00,hvac_01,20.207,56.579,1.162,2.493,0.885
2026-07-31T06:45:00+00:00,hvac_01,20.222,56.118,1.438,2.506,0.868
2026-07-31T07:00:00+00:00,hvac_01,21.638,53.807,3.777,2.502,1.138
2026-07-31T07:15:00+00:00,hvac_01,21.722,52.52,3.719,2.481,1.155
2026-07-31T07:30:00+00:00,hvac_01,21.816,52.287,3.97,2.463,1.134
2026-07-31T07:45:00+00:00,hvac_01,22.169,52.437,3.641,2.479,1.145
2026-07-31T08:00:00+00:00,hvac_01,22.388,51.29,3.989,2.474,1.204
2026-07-31T08:15:00+00:00,hvac_01,22.025,52.712,3.943,2.48,1.192
2026-07-31T08:30:00+00:00,hvac_01,22.51,51.703,3.76,2.459,1.19
2026-07-31T08:45:00+00:00,hvac_01,22.563,51.135,3.977,2.47,1.122
2026-07-31T09:00:00+00:00,hvac_01,22.72,50.707,3.955,2.469,1.162
2026-07-31T09:15:00+00:00,hvac_01,22.664,50.1,3.916,2.45,1.068
2026-07-31T09:30:00+00:00,hvac_01,22.813,49.815,4.17,2.466,1.191
2026-07-31T09:45:00+00:00,hvac_01,22.908,49.325,4.133,2.459,1.244
2026-07-31T10:00:00+00:00,hvac_01,23.154,47.896,4.339,2.474,1.229
2026-07-31T10:15:00+00:00,hvac_01,23.115,48.755,4.058,2.458,1.227
2026-07-31T10:30:00+00:00,hvac_01,23.228,47.138,4.194,2.44,1.178
2026-07-31T10:45:00+00:00,hvac_01,23.615,48.199,4.244,2.476,1.231
2026-07-31T11:00:00+00:00,hvac_01,23.533,48.516,4.52,2.497,1.205
2026-07-31T11:15:00+00:00,hvac_01,23.404,46.078,4.306,2.5,1.263
2026-07-31T11:30:00+00:00,hvac_01,23.432,48.305,4.492,2.494,1.266
2026-07-31T11:45:00+00:00,hvac_01,23.613,48.11,4.448,2.505,1.226
2026-07-31T12:00:00+00:00,hvac_01,23.6,47.63,4.333,2.51,1.169
2026-07-31T12:15:00+00:00,hvac_01,23.599,45.923,4.518,2.505,1.252
2026-07-31T12:30:00+00:00,hvac_01,23.629,47.259,4.324,2.525,1.168
2026-07-31T12:45:00+00:00,hvac_01,23.966,46.803,4.396,2.532,1.233
2026-07-31T13:00:00+00:00,hvac_01,23.615,46.423,4.456,2.529,1.253
2026-07-31T13:15:00+00:00,hvac_01,23.441,45.582,4.176,2.538,1.2
2026-07-31T13:30:00+00:00,hvac_01,23.308,45.232,4.393,2.521,1.244
2026-07-31T13:45:00+00:00,hvac_01,23.695,47.123,4.466,2.51,1.268
2026-07-31T14:00:00+00:00,hvac_01,23.795,47.553,4.463,2.53,1.207
2026-07-31T14:15:00+00:00,hvac_01,23.435,47.281,4.279,2.546,1.192
2026-07-31T14:30:00+00:00,hvac_01,23.748,46.73,4.278,2.548,1.192
2026-07-31T14:45:00+00:00,hvac_01,23.437,47.278,4.439,2.552,1.244
2026-07-31T15:00:00+00:00,hvac_01,23.251,47.098,4.381,2.549,1.189
2026-07-31T15:15:00+00:00,hvac_01,23.002,47.411,4.249,2.535,1.238
2026-07-31T15:30:00+00:00,hvac_01,23.19,47.332,4.238,2.519,1.207
2026-07-31T15:45:00+00:00,hvac_01,23.331,48.444,4.255,2.548,1.155
2026-07-31T16:00:00+00:00,hvac_01,22.891,50.907,4.054,2.537,1.18
2026-07-31T16:15:00+00:00,hvac_01,22.582,49.22,4.021,2.521,1.19
2026-07-31T16:30:00+00:00,hvac_01,22.756,48.783,4.064,2.516,1.255
2026-07-31T16:45:00+00:00,hvac_01,22.612,50.157,4.073,2.512,1.206
2026-07-31T17:00:00+00:00,hvac_01,22.585,50.884,3.81,2.507,1.074
2026-07-31T17:15:00+00:00,hvac_01,22.481,50.836,3.778,2.503,1.181
2026-07-31T17:30:00+00:00,hvac_01,22.234,51.092,4.066,2.508,1.219
2026-07-31T17:45:00+00:00,hvac_01,22.202,51.686,3.874,2.503,1.15
2026-07-31T18:00:00+00:00,hvac_01,22.083,51.753,3.946,2.493,1.187
2026-07-31T18:15:00+00:00,hvac_01,21.903,52.547,3.71,2.5,1.117
2026-07-31T18:30:00+00:00,hvac_01,21.706,54.105,3.766,2.496,1.157
2026-07-31T18:45:00+00:00,hvac_01,21.786,54.328,3.964,2.468,1.159
2026-07-31T19:00:00+00:00,hvac_01,20.634,54.737,1.172,2.478,0.82
2026-07-31T19:15:00+00:00,hvac_01,20.26,56.374,1.349,2.47,0.898
2026-07-31T19:30:00+00:00,hvac_01,20.365,58.309,1.397,2.46,0.961
2026-07-31T19:45:00+00:00,hvac_01,20.026,56.425,1.135,2.473,0.825
2026-07-31T20:00:00+00:00,hvac_01,19.838,58.188,1.097,2.47,0.786
2026-07-31T20:15:00+00:00,hvac_01,19.753,58.169,1.236,2.477,0.927
2026-07-31T20:30:00+00:00,hvac_01,19.82,58.524,1.454,2.479,0.905
2026-07-31T20:45:00+00:00,hvac_01,19.716,57.476,1.055,2.466,0.881
2026-07-31T21:00:00+00:00,hvac_01,19.183,59.604,1.239,2.475,0.884
2026-07-31T21:15:00+00:00,hvac_01,19.389,59.665,1.096,2.482,0.852
2026-07-31T21:30:00+00:00,hvac_01,19.34,60.931,1.271,2.46,0.898
2026-07-31T21:45:00+00:00,hvac_01,19.254,60.925,1.283,2.447,0.862
2026-07-31T22:00:00+00:00,hvac_01,19.023,61.873,1.273,2.482,0.804
2026-07-31T22:15:00+00:00,hvac_01,19.052,60.078,1.12,2.466,0.865
2026-07-31T22:30:00+00:00,hvac_01,18.817,59.651,1.11,2.466,0.886
2026-07-31T22:45:00+00:00,hvac_01,18.933,61.382,1.384,2.502,0.926
2026-07-31T23:00:00+00:00,hvac_01,18.607,60.569,1.2,2.496,0.813
2026-07-31T23:15:00+00:00,hvac_01,18.889,62.819,1.064,2.489,0.815
2026-07-31T23:30:00+00:00,hvac_01,18.411,62.508,1.006,2.499,0.891
2026-07-31T23:45:00+00:00,hvac_01,18.681,62.945,1.303,2.496,0.866
2026-08-01T00:00:00+00:00,hvac_01,20.283,62.902,4.631,2.499,0.896
2026-08-01T00:15:00+00:00,hvac_01,20.322,63.124,4.407,2.507,0.855
2026-08-01T00:30:00+00:00,hvac_01,20.228,63.663,4.344,2.527,0.872
2026-08-01T00:45:00+00:00,hvac_01,20.157,63.309,4.764,2.5,0.951
2026-08-01T01:00:00+00:00,hvac_01,19.933,62.951,4.295,2.511,0.87
2026-08-01T01:15:00+00:00,hvac_01,19.888,61.354,4.328,2.496,0.783
2026-08-01T01:30:00+00:00,hvac_01,20.18,62.317,4.522,2.523,0.858
2026-08-01T01:45:00+00:00,hvac_01,20.377,63.436,4.031,2.53,0.787
2026-08-01T02:00:00+00:00,hvac_01,20.179,64.272,4.659,2.52,0.853
2026-08-01T02:15:00+00:00,hvac_01,20.144,62.803,4.66,2.528,0.876
2026-08-01T02:30:00+00:00,hvac_01,20.402,62.809,4.44,2.532,0.882
2026-08-01T02:45:00+00:00,hvac_01,20.055,63.187,4.442,2.544,0.875
2026-08-01T03:00:00+00:00,hvac_01,19.895,61.052,4.414,2.522,0.858
2026-08-01T03:15:00+00:00,hvac_01,20.827,60.737,4.566,2.509,0.84
2026-08-01T03:30:00+00:00,hvac_01,20.237,61.86,4.558,2.511,0.839
2026-08-01T03:45:00+00:00,hvac_01,20.25,60.154,4.253,2.532,0.789
2026-08-01T04:00:00+00:00,hvac_01,20.719,59.091,4.604,2.538,0.918
2026-08-01T04:15:00+00:00,hvac_01,21.094,59.288,4.348,2.522,0.844
2026-08-01T04:30:00+00:00,hvac_01,20.727,59.631,4.494,2.5,0.812
2026-08-01T04:45:00+00:00,hvac_01,20.843,60.72,4.159,2.526,0.82
2026-08-01T05:00:00+00:00,hvac_01,21.337,57.831,4.494,2.538,0.874
2026-08-01T05:15:00+00:00,hvac_01,21.016,56.744,4.301,2.529,0.863
2026-08-01T05:30:00+00:00,hvac_01,21.649,58.306,4.571,2.523,0.84
2026-08-01T05:45:00+00:00,hvac_01,21.561,58.58,4.315,2.508,0.869
2026-08-01T06:00:00+00:00,hvac_01,20.972,56.23,4.478,2.516,0.841
2026-08-01T06:15:00+00:00,hvac_01,22.054,57.69,4.331,2.507,0.823
2026-08-01T06:30:00+00:00,hvac_01,21.746,55.367,4.726,2.493,0.891
2026-08-01T06:45:00+00:00,hvac_01,22.055,55.266,4.577,2.469,0.791
2026-08-01T07:00:00+00:00,hvac_01,22.408,54.627,4.416,2.484,0.878
2026-08-01T07:15:00+00:00,hvac_01,21.95,53.593,4.591,2.472,0.871
2026-08-01T07:30:00+00:00,hvac_01,22.398,53.922,4.264,2.47,0.813
2026-08-01T07:45:00+00:00,hvac_01,22.843,54.222,4.402,2.452,0.831
2026-08-01T08:00:00+00:00,hvac_01,21.458,54.11,1.439,2.456,0.892
2026-08-01T08:15:00+00:00,hvac_01,21.072,51.815,1.541,2.484,0.938
2026-08-01T08:30:00+00:00,hvac_01,21.418,51.491,1.368,2.479,0.883
2026-08-01T08:45:00+00:00,hvac_01,21.081,51.593,1.568,2.479,0.843
2026-08-01T09:00:00+00:00,hvac_01,21.815,52.532,1.473,2.465,0.837
2026-08-01T09:15:00+00:00,hvac_01,21.717,51.62,1.168,2.471,0.85
2026-08-01T09:30:00+00:00,hvac_01,22.071,50.445,1.293,2.471,0.881
2026-08-01T09:45:00+00:00,hvac_01,22.245,50.82,1.086,2.496,0.855
2026-08-01T10:00:00+00:00,hvac_01,22.009,49.978,1.217,2.466,0.846
2026-08-01T10:15:00+00:00,hvac_01,22.094,49.419,1.233,2.466,0.869
2026-08-01T10:30:00+00:00,hvac_01,22.144,48.733,1.159,2.469,0.832
2026-08-01T10:45:00+00:00,hvac_01,22.388,48.749,1.281,2.478,0.868
2026-08-01T11:00:00+00:00,hvac_01,22.158,48.575,1.288,2.49,0.854
2026-08-01T11:15:00+00:00,hvac_01,22.227,48.826,1.447,2.498,0.84
2026-08-01T11:30:00+00:00,hvac_01,22.352,47.675,1.311,2.489,0.904
2026-08-01T11:45:00+00:00,hvac_01,22.312,48.742,1.058,2.526,0.79
2026-08-01T12:00:00+00:00,hvac_01,22.138,47.013,1.536,2.508,0.97
2026-08-01T12:15:00+00:00,hvac_01,22.711,47.348,1.395,2.512,0.869
2026-08-01T12:30:00+00:00,hvac_01,22.569,47.641,1.683,2.53,0.854
2026-08-01T12:45:00+00:00,hvac_01,23.07,48.004,1.943,2.502,0.956
2026-08-01T13:00:00+00:00,hvac_01,22.899,47.06,1.704,2.556,0.951
2026-08-01T13:15:00+00:00,hvac_01,22.493,47.881,1.465,2.515,0.897
2026-08-01T13:30:00+00:00,hvac_01,22.298,48.201,1.485,2.523,0.839
2026-08-01T13:45:00+00:00,hvac_01,22.694,48.334,1.471,2.533,0.916
2026-08-01T14:00:00+00:00,hvac_01,22.822,47.033,1.467,2.545,0.877
2026-08-01T14:15:00+00:00,hvac_01,22.435,47.577,1.38,2.539,0.848
2026-08-01T14:30:00+00:00,hvac_01,22.91,48.353,1.457,2.538,0.915
2026-08-01T14:45:00+00:00,hvac_01,22.542,47.525,1.182,2.523,0.874
2026-08-01T15:00:00+00:00,hvac_01,22.827,47.609,1.529,2.521,0.809
2026-08-01T15:15:00+00:00,hvac_01,22.285,49.968,1.479,2.519,0.825
2026-08-01T15:30:00+00:00,hvac_01,22.477,48.235,1.449,2.529,0.892
2026-08-01T15:45:00+00:00,hvac_01,22.408,49.678,1.378,2.514,0.852
2026-08-01T16:00:00+00:00,hvac_01,21.709,49.589,1.164,2.525,0.787
2026-08-01T16:15:00+00:00,hvac_01,22.149,50.568,1.17,2.544,0.798
2026-08-01T16:30:00+00:00,hvac_01,22.006,51.319,1.237,2.527,0.86
2026-08-01T16:45:00+00:00,hvac_01,22.11,50.788,1.281,2.525,0.812
2026-08-01T17:00:00+00:00,hvac_01,21.586,50.196,1.046,2.482,0.779
2026-08-01T17:15:00+00:00,hvac_01,21.608,49.903,1.453,2.514,0.911
2026-08-01T17:30:00+00:00,hvac_01,21.408,51.442,1.288,2.498,0.901
2026-08-01T17:45:00+00:00,hvac_01,21.26,53.656,1.395,2.512,0.914
2026-08-01T18:00:00+00:00,hvac_01,21.064,53.208,1.476,2.499,0.875
2026-08-01T18:15:00+00:00,hvac_01,20.959,52.037,1.637,2.512,0.875
2026-08-01T18:30:00+00:00,hvac_01,20.752,53.989,1.445,2.499,0.887
2026-08-01T18:45:00+00:00,hvac_01,20.686,53.566,1.193,2.476,0.869
2026-08-01T19:00:00+00:00,hvac_01,20.53,54.563,1.033,2.471,0.824
2026-08-01T19:15:00+00:00,hvac_01,20.676,54.657,1.172,2.477,0.842
2026-08-01T19:30:00+00:00,hvac_01,20.561,57.063,1.381,2.478,0.913
2026-08-01T19:45:00+00:00,hvac_01,20.236,55.97,1.031,2.441,0.803
2026-08-01T20:00:00+00:00,hvac_01,19.763,55.877,1.126,2.469,0.887
2026-08-01T20:15:00+00:00,hvac_01,20.239,56.363,1.458,2.451,0.871
2026-08-01T20:30:00+00:00,hvac_01,19.671,56.973,1.07,2.471,0.77
2026-08-01T20:45:00+00:00,hvac_01,19.758,58.985,1.13,2.455,0.85
2026-08-01T21:00:00+00:00,hvac_01,19.734,59.887,1.128,2.472,0.857
2026-08-01T21:15:00+00:00,hvac_01,19.771,58.658,1.221,2.458,0.829
2026-08-01T21:30:00+00:00,hvac_01,19.411,57.127,1.444,2.473,0.912
2026-08-01T21:45:00+00:00,hvac_01,19.155,58.745,1.22,2.478,0.887
2026-08-01T22:00:00+00:00,hvac_01,19.323,59.383,1.233,2.463,0.864
2026-08-01T22:15:00+00:00,hvac_01,18.837,59.363,1.169,2.472,0.779
2026-08-01T22:30:00+00:00,hvac_01,18.591,60.248,1.465,2.475,0.848
2026-08-01T22:45:00+00:00,hvac_01,18.482,59.929,1.42,2.492,0.834
2026-08-01T23:00:00+00:00,hvac_01,19.014,60.024,1.063,2.495,0.81
2026-08-01T23:15:00+00:00,hvac_01,18.912,62.398,1.303,2.499,0.921
2026-08-01T23:30:00+00:00,hvac_01,18.807,62.613,1.321,2.483,0.875
2026-08-01T23:45:00+00:00,hvac_01,18.84,60.815,1.287,2.51,0.904
2026-08-02T00:00:00+00:00,hvac_01,18.448,61.394,1.258,2.53,0.826
2026-08-02T00:15:00+00:00,hvac_01,18.195,62.632,1.033,2.509,0.803
2026-08-02T00:30:00+00:00,hvac_01,18.76,61.528,1.409,2.5,0.894
2026-08-02T00:45:00+00:00,hvac_01,18.624,61.851,1.477,2.52,0.862
2026-08-02T01:00:00+00:00,hvac_01,18.51,60.662,1.335,2.514,0.89
2026-08-02T01:15:00+00:00,hvac_01,18.415,62.395,1.232,2.529,0.838
2026-08-02T01:30:00+00:00,hvac_01,18.434,61.166,1.072,2.513,0.884
2026-08-02T01:45:00+00:00,hvac_01,18.787,62.118,1.224,2.525,0.812
2026-08-02T02:00:00+00:00,hvac_01,18.869,61.829,0.877,2.527,0.849
2026-08-02T02:15:00+00:00,hvac_01,18.509,62.192,1.263,2.514,0.853
2026-08-02T02:30:00+00:00,hvac_01,18.716,60.802,1.323,2.55,0.893
2026-08-02T02:45:00+00:00,hvac_01,18.928,60.051,1.235,2.54,0.838
2026-08-02T03:00:00+00:00,hvac_01,18.515,60.965,1.424,2.539,0.853
2026-08-02T03:15:00+00:00,hvac_01,18.561,60.562,1.291,2.539,0.831
2026-08-02T03:30:00+00:00,hvac_01,18.851,60.957,1.122,2.537,0.825
2026-08-02T03:45:00+00:00,hvac_01,19.1,59.871,1.108,2.549,0.788
2026-08-02T04:00:00+00:00,hvac_01,18.681,59.861,1.141,2.529,0.773
2026-08-02T04:15:00+00:00,hvac_01,19.394,61.205,1.358,2.525,0.925
2026-08-02T04:30:00+00:00,hvac_01,19.205,57.785,1.535,2.543,0.88
2026-08-02T04:45:00+00:00,hvac_01,19.363,57.927,1.382,2.5,0.804
2026-08-02T05:00:00+00:00,hvac_01,19.749,58.78,1.198,2.518,0.838
2026-08-02T05:15:00+00:00,hvac_01,19.542,56.965,1.266,2.529,0.896
2026-08-02T05:30:00+00:00,hvac_01,19.356,56.876,1.198,2.515,0.86
2026-08-02T05:45:00+00:00,hvac_01,20.061,57.2,0.996,2.501,0.822
2026-08-02T06:00:00+00:00,hvac_01,19.873,57.422,0.984,2.499,0.78
2026-08-02T06:15:00+00:00,hvac_01,20.251,55.56,1.337,2.485,0.856
2026-08-02T06:30:00+00:00,hvac_01,20.125,56.335,1.159,2.478,0.81
2026-08-02T06:45:00+00:00,hvac_01,20.698,56.109,1.191,2.479,0.888
2026-08-02T07:00:00+00:00,hvac_01,20.483,53.889,1.51,2.504,0.951
2026-08-02T07:15:00+00:00,hvac_01,20.418,54.042,1.103,2.475,0.845
2026-08-02T07:30:00+00:00,hvac_01,21.132,51.888,1.51,2.481,0.855
2026-08-02T07:45:00+00:00,hvac_01,21.112,52.379,1.163,2.478,0.83
2026-08-02T08:00:00+00:00,hvac_01,21.459,51.088,1.375,2.451,0.867
2026-08-02T08:15:00+00:00,hvac_01,21.202,52.494,1.255,2.476,0.849
2026-08-02T08:30:00+00:00,hvac_01,21.204,50.542,1.279,2.471,0.824
2026-08-02T08:45:00+00:00,hvac_01,21.923,50.066,1.227,2.432,0.782
2026-08-02T09:00:00+00:00,hvac_01,21.38,50.457,1.52,2.435,0.88
2026-08-02T09:15:00+00:00,hvac_01,21.992,49.416,1.127,2.482,0.814
2026-08-02T09:30:00+00:00,hvac_01,21.882,49.643,1.13,2.477,0.828
2026-08-02T09:45:00+00:00,hvac_01,21.841,48.811,1.325,2.482,0.84
2026-08-02T10:00:00+00:00,hvac_01,22.12,48.354,1.026,2.464,0.816
2026-08-02T10:15:00+00:00,hvac_01,22.025,48.967,1.298,2.487,0.901
2026-08-02T10:30:00+00:00,hvac_01,22.443,48.185,1.527,2.482,0.888
2026-08-02T10:45:00+00:00,hvac_01,22.34,47.882,1.486,2.489,0.915
2026-08-02T11:00:00+00:00,hvac_01,22.361,47.636,1.462,2.494,0.851
2026-08-02T11:15:00+00:00,hvac_01,22.462,46.003,1.484,2.498,0.844
2026-08-02T11:30:00+00:00,hvac_01,22.373,48.344,1.243,2.504,0.807
2026-08-02T11:45:00+00:00,hvac_01,22.6,48.209,1.188,2.488,0.878
2026-08-02T12:00:00+00:00,hvac_01,22.239,46.722,1.254,2.488,0.878
2026-08-02T12:15:00+00:00,hvac_01,22.485,46.597,1.271,2.497,0.837
2026-08-02T12:30:00+00:00,hvac_01,22.569,46.763,1.396,2.51,0.849
2026-08-02T12:45:00+00:00,hvac_01,22.551,46.856,1.207,2.529,0.814
2026-08-02T13:00:00+00:00,hvac_01,23.23,46.117,1.799,2.513,0.923
2026-08-02T13:15:00+00:00,hvac_01,22.941,45.535,1.495,2.52,0.796
2026-08-02T13:30:00+00:00,hvac_01,23.016,46.226,1.673,2.508,0.845
2026-08-02T13:45:00+00:00,hvac_01,22.49,46.746,1.611,2.528,0.902
2026-08-02T14:00:00+00:00,hvac_01,22.424,45.741,1.405,2.546,0.877
2026-08-02T14:15:00+00:00,hvac_01,22.488,46.256,1.377,2.52,0.875
2026-08-02T14:30:00+00:00,hvac_01,22.31,46.036,1.437,2.528,0.872
2026-08-02T14:45:00+00:00,hvac_01,22.305,48.236,1.287,2.534,0.871
2026-08-02T15:00:00+00:00,hvac_01,22.552,46.207,1.259,2.523,0.858
2026-08-02T15:15:00+00:00,hvac_01,22.555,48.462,1.179,2.528,0.841
2026-08-02T15:30:00+00:00,hvac_01,22.296,48.293,1.46,2.537,0.895
2026-08-02T15:45:00+00:00,hvac_01,22.027,47.402,1.23,2.543,0.864
2026-08-02T16:00:00+00:00,hvac_01,22.232,48.223,1.163,2.523,0.853
2026-08-02T16:15:00+00:00,hvac_01,21.893,49.876,1.471,2.528,0.848
2026-08-02T16:30:00+00:00,hvac_01,21.93,48.609,1.325,2.502,0.828
2026-08-02T16:45:00+00:00,hvac_01,21.719,50.245,1.171,2.506,0.815
2026-08-02T17:00:00+00:00,hvac_01,22.067,49.574,1.097,2.516,0.794
2026-08-02T17:15:00+00:00,hvac_01,21.436,50.939,1.489,2.51,0.834
2026-08-02T17:30:00+00:00,hvac_01,21.256,51.013,1.152,2.5,0.891
2026-08-02T17:45:00+00:00,hvac_01,21.425,51.524,0.73,2.506,0.759
2026-08-02T18:00:00+00:00,hvac_01,21.104,52.646,1.441,2.492,0.888
2026-08-02T18:15:00+00:00,hvac_01,20.606,52.106,1.218,2.516,0.863
2026-08-02T18:30:00+00:00,hvac_01,20.946,53.4,1.206,2.466,0.84
2026-08-02T18:45:00+00:00,hvac_01,20.696,54.035,1.409,2.49,0.801
2026-08-02T19:00:00+00:00,hvac_01,20.42,53.516,1.376,2.484,0.803
2026-08-02T19:15:00+00:00,hvac_01,20.5,54.337,1.152,2.473,0.813
2026-08-02T19:30:00+00:00,hvac_01,20.548,54.896,1.149,2.477,0.815
2026-08-02T19:45:00+00:00,hvac_01,20.13,55.789,1.233,2.479,0.843
2026-08-02T20:00:00+00:00,hvac_01,20.137,56.269,1.418,2.482,0.845
2026-08-02T20:15:00+00:00,hvac_01,19.687,55.14,1.296,2.483,0.86
2026-08-02T20:30:00+00:00,hvac_01,19.788,56.399,1.366,2.474,0.867
2026-08-02T20:45:00+00:00,hvac_01,19.767,58.116,1.415,2.447,0.875
2026-08-02T21:00:00+00:00,hvac_01,19.28,56.067,1.272,2.437,0.857
2026-08-02T21:15:00+00:00,hvac_01,19.719,58.002,1.209,2.454,0.818
2026-08-02T21:30:00+00:00,hvac_01,19.174,59.272,1.162,2.455,0.875
2026-08-02T21:45:00+00:00,hvac_01,18.93,58.864,1.181,2.469,0.802
2026-08-02T22:00:00+00:00,hvac_01,19.255,59.543,1.306,2.452,0.831
2026-08-02T22:15:00+00:00,hvac_01,18.93,59.434,1.267,2.455,0.755
2026-08-02T22:30:00+00:00,hvac_01,19.035,60.329,1.448,2.492,0.814
2026-08-02T22:45:00+00:00,hvac_01,18.664,58.677,1.542,2.475,0.804
2026-08-02T23:00:00+00:00,hvac_01,19.108,60.867,1.098,2.465,0.833
2026-08-02T23:15:00+00:00,hvac_01,19.03,60.22,1.205,2.482,0.795
2026-08-02T23:30:00+00:00,hvac_01,18.755,60.803,1.324,2.49,0.84
2026-08-02T23:45:00+00:00,hvac_01,18.835,60.484,1.353,2.489,0.872
2026-08-03T00:00:00+00:00,hvac_01,18.702,60.821,1.602,2.505,0.923
2026-08-03T00:15:00+00:00,hvac_01,18.289,63.583,1.323,2.516,0.83
2026-08-03T00:30:00+00:00,hvac_01,18.43,61.624,1.271,2.523,0.884
2026-08-03T00:45:00+00:00,hvac_01,18.611,62.487,1.34,2.526,0.839
2026-08-03T01:00:00+00:00,hvac_01,18.527,61.191,1.261,2.524,0.829
2026-08-03T01:15:00+00:00,hvac_01,18.814,61.898,1.17,2.52,0.899
2026-08-03T01:30:00+00:00,hvac_01,18.672,60.18,1.183,2.518,0.823
2026-08-03T01:45:00+00:00,hvac_01,18.362,61.172,1.327,2.508,0.795
2026-08-03T02:00:00+00:00,hvac_01,18.355,61.582,1.434,2.522,0.808
2026-08-03T02:15:00+00:00,hvac_01,18.951,60.809,1.301,2.515,0.862
2026-08-03T02:30:00+00:00,hvac_01,18.869,60.73,1.168,2.537,0.83
2026-08-03T02:45:00+00:00,hvac_01,18.965,61.731,1.427,2.535,0.894
2026-08-03T03:00:00+00:00,hvac_01,18.994,60.954,1.282,2.514,0.831
2026-08-03T03:15:00+00:00,hvac_01,18.846,61.779,1.305,2.539,0.801
2026-08-03T03:30:00+00:00,hvac_01,19.111,60.231,1.255,2.529,0.86
2026-08-03T03:45:00+00:00,hvac_01,19.245,58.515,1.2,2.539,0.784
2026-08-03T04:00:00+00:00,hvac_01,18.995,59.253,1.485,2.534,0.917
2026-08-03T04:15:00+00:00,hvac_01,19.158,58.234,1.273,2.54,0.85
2026-08-03T04:30:00+00:00,hvac_01,19.325,59.258,1.258,2.53,0.906
2026-08-03T04:45:00+00:00,hvac_01,19.563,57.336,1.391,2.52,0.882
2026-08-03T05:00:00+00:00,hvac_01,19.592,57.08,1.24,2.515,0.816
2026-08-03T05:15:00+00:00,hvac_01,19.614,56.157,1.214,2.506,0.863
2026-08-03T05:30:00+00:00,hvac_01,19.643,56.933,1.325,2.51,0.869
2026-08-03T05:45:00+00:00,hvac_01,19.929,55.439,0.982,2.508,0.842
2026-08-03T06:00:00+00:00,hvac_01,20.273,54.129,1.143,2.503,0.793
2026-08-03T06:15:00+00:00,hvac_01,20.274,55.407,1.195,2.483,0.81
2026-08-03T06:30:00+00:00,hvac_01,20.491,53.695,1.212,2.491,0.869
2026-08-03T06:45:00+00:00,hvac_01,20.434,53.675,1.308,2.479,0.885
2026-08-03T07:00:00+00:00,hvac_01,21.612,50.577,4.04,2.487,1.135
2026-08-03T07:15:00+00:00,hvac_01,21.639,51.508,3.88,2.47,1.088
2026-08-03T07:30:00+00:00,hvac_01,21.369,50.504,4.066,2.483,1.15
2026-08-03T07:45:00+00:00,hvac_01,21.575,50.108,3.763,2.481,1.114
2026-08-03T08:00:00+00:00,hvac_01,22.225,50.058,3.938,2.466,1.102
2026-08-03T08:15:00+00:00,hvac_01,22.109,49.832,3.77,2.478,1.058
2026-08-03T08:30:00+00:00,hvac_01,22.603,48.79,3.704,2.444,1.075
2026-08-03T08:45:00+00:00,hvac_01,22.286,49.028,4.14,2.457,1.097
2026-08-03T09:00:00+00:00,hvac_01,22.443,48.945,3.964,2.477,1.124
2026-08-03T09:15:00+00:00,hvac_01,22.835,47.98,4.263,2.478,1.181
2026-08-03T09:30:00+00:00,hvac_01,22.863,48.025,4.213,2.476,1.187
2026-08-03T09:45:00+00:00,hvac_01,23.314,48.232,4.264,2.455,1.143
2026-08-03T10:00:00+00:00,hvac_01,23.704,45.324,4.422,2.47,1.168
2026-08-03T10:15:00+00:00,hvac_01,22.71,46.808,4.236,2.49,1.162
2026-08-03T10:30:00+00:00,hvac_01,23.511,46.215,4.102,2.473,1.131
2026-08-03T10:45:00+00:00,hvac_01,23.313,46.011,4.336,2.488,1.221
2026-08-03T11:00:00+00:00,hvac_01,23.811,45.773,4.437,2.479,1.263
2026-08-03T11:15:00+00:00,hvac_01,23.268,46.641,4.201,2.488,1.215
2026-08-03T11:30:00+00:00,hvac_01,23.544,44.055,4.133,2.477,1.162
2026-08-03T11:45:00+00:00,hvac_01,23.355,45.161,4.382,2.526,1.169
2026-08-03T12:00:00+00:00,hvac_01,23.598,43.799,4.137,2.478,1.193
2026-08-03T12:15:00+00:00,hvac_01,23.547,45.3,4.123,2.532,1.139
2026-08-03T12:30:00+00:00,hvac_01,23.832,44.179,4.654,2.524,1.144
2026-08-03T12:45:00+00:00,hvac_01,23.834,43.961,4.634,2.527,1.19
2026-08-03T13:00:00+00:00,hvac_01,23.459,44.889,4.34,2.518,1.208
2026-08-03T13:15:00+00:00,hvac_01,24.054,44.545,4.615,2.508,1.215
2026-08-03T13:30:00+00:00,hvac_01,24.037,45.465,4.643,2.515,1.252
2026-08-03T13:45:00+00:00,hvac_01,23.813,45.664,4.603,2.534,1.217
2026-08-03T14:00:00+00:00,hvac_01,23.887,44.051,4.286,2.519,1.143
2026-08-03T14:15:00+00:00,hvac_01,23.456,45.331,4.311,2.531,1.141
2026-08-03T14:30:00+00:00,hvac_01,23.851,44.715,4.626,2.519,1.22
2026-08-03T14:45:00+00:00,hvac_01,23.507,44.564,4.565,2.534,1.265
2026-08-03T15:00:00+00:00,hvac_01,23.48,44.759,4.34,2.538,1.219
2026-08-03T15:15:00+00:00,hvac_01,23.164,46.125,4.367,2.549,1.148
2026-08-03T15:30:00+00:00,hvac_01,23.085,45.867,4.178,2.538,1.203
2026-08-03T15:45:00+00:00,hvac_01,23.061,47.182,4.051,2.528,1.13
2026-08-03T16:00:00+00:00,hvac_01,22.797,45.498,4.338,2.522,1.169
2026-08-03T16:15:00+00:00,hvac_01,23.284,46.691,4.375,2.526,1.231
2026-08-03T16:30:00+00:00,hvac_01,23.121,47.667,4.221,2.529,1.211
2026-08-03T16:45:00+00:00,hvac_01,22.792,48.284,4.177,2.532,1.157
2026-08-03T17:00:00+00:00,hvac_01,22.68,46.858,3.932,2.526,1.163
2026-08-03T17:15:00+00:00,hvac_01,22.717,47.525,3.983,2.516,1.182
2026-08-03T17:30:00+00:00,hvac_01,22.154,49.046,3.671,2.493,1.123
2026-08-03T17:45:00+00:00,hvac_01,22.409,47.279,4.052,2.505,1.11
2026-08-03T18:00:00+00:00,hvac_01,29.943,49.792,8.311,2.147,3.314
2026-08-03T18:15:00+00:00,hvac_01,30.16,51.171,8.231,2.146,3.256
2026-08-03T18:30:00+00:00,hvac_01,29.648,52.196,8.127,2.128,3.372
2026-08-03T18:45:00+00:00,hvac_01,29.739,51.559,8.28,2.141,3.372
2026-08-03T19:00:00+00:00,hvac_01,20.764,53.489,1.295,2.482,0.843
2026-08-03T19:15:00+00:00,hvac_01,20.749,55.031,1.325,2.48,0.842
2026-08-03T19:30:00+00:00,hvac_01,20.574,56.431,1.227,2.485,0.849
2026-08-03T19:45:00+00:00,hvac_01,20.286,55.991,1.325,2.48,0.853
2026-08-03T20:00:00+00:00,hvac_01,20.05,56.088,1.111,2.465,0.879
2026-08-03T20:15:00+00:00,hvac_01,20.074,54.624,1.283,2.467,0.784
2026-08-03T20:30:00+00:00,hvac_01,19.922,57.285,1.006,2.461,0.784
2026-08-03T20:45:00+00:00,hvac_01,19.475,58.541,1.184,2.474,0.804
2026-08-03T21:00:00+00:00,hvac_01,19.462,57.62,1.355,2.47,0.738
2026-08-03T21:15:00+00:00,hvac_01,19.363,58.512,0.971,2.446,0.755
2026-08-03T21:30:00+00:00,hvac_01,18.955,57.176,1.051,2.461,0.757
2026-08-03T21:45:00+00:00,hvac_01,19.127,58.961,1.658,2.454,0.915
2026-08-03T22:00:00+00:00,hvac_01,18.65,59.988,1.155,2.477,0.842
2026-08-03T22:15:00+00:00,hvac_01,18.968,59.319,1.348,2.465,0.899
2026-08-03T22:30:00+00:00,hvac_01,19.174,60.678,1.211,2.457,0.887
2026-08-03T22:45:00+00:00,hvac_01,18.982,59.514,1.27,2.475,0.811
2026-08-03T23:00:00+00:00,hvac_01,18.719,59.83,1.305,2.485,0.842
2026-08-03T23:15:00+00:00,hvac_01,18.652,61.26,1.088,2.49,0.761
2026-08-03T23:30:00+00:00,hvac_01,18.718,61.647,1.05,2.501,0.849
2026-08-03T23:45:00+00:00,hvac_01,18.807,61.109,1.395,2.508,0.872
2026-08-04T00:00:00+00:00,hvac_01,18.861,61.633,1.176,2.492,0.862
2026-08-04T00:15:00+00:00,hvac_01,18.752,60.985,1.204,2.501,0.87
2026-08-04T00:30:00+00:00,hvac_01,18.215,62.644,1.305,2.49,0.813
2026-08-04T00:45:00+00:00,hvac_01,18.431,61.311,1.251,2.516,0.816
2026-08-04T01:00:00+00:00,hvac_01,18.896,61.718,1.191,2.529,0.797
2026-08-04T01:15:00+00:00,hvac_01,18.792,60.677,1.518,2.502,0.845
2026-08-04T01:30:00+00:00,hvac_01,18.457,62.195,1.298,2.545,0.851
2026-08-04T01:45:00+00:00,hvac_01,18.499,62.543,1.467,2.513,0.912
2026-08-04T02:00:00+00:00,hvac_01,18.854,60.381,1.308,2.524,0.802
2026-08-04T02:15:00+00:00,hvac_01,18.788,61.988,1.3,2.524,0.89
2026-08-04T02:30:00+00:00,hvac_01,18.679,61.328,1.174,2.517,0.847
2026-08-04T02:45:00+00:00,hvac_01,18.846,61.174,1.362,2.556,0.841
2026-08-04T03:00:00+00:00,hvac_01,18.382,61.367,1.191,2.522,0.789
2026-08-04T03:15:00+00:00,hvac_01,19.081,59.793,1.153,2.541,0.846
2026-08-04T03:30:00+00:00,hvac_01,18.918,59.763,0.97,2.557,0.725
2026-08-04T03:45:00+00:00,hvac_01,19.019,58.87,1.212,2.529,0.848
2026-08-04T04:00:00+00:00,hvac_01,19.165,57.262,1.419,2.532,0.828
2026-08-04T04:15:00+00:00,hvac_01,19.203,58.536,0.8,2.545,0.846
2026-08-04T04:30:00+00:00,hvac_01,19.47,59.719,1.402,2.52,0.862
2026-08-04T04:45:00+00:00,hvac_01,19.408,58.654,1.096,2.534,0.826
2026-08-04T05:00:00+00:00,hvac_01,19.55,58.445,1.273,2.513,0.837
2026-08-04T05:15:00+00:00,hvac_01,19.192,58.469,1.311,2.516,0.91
2026-08-04T05:30:00+00:00,hvac_01,19.65,57.181,1.137,2.522,0.788
2026-08-04T05:45:00+00:00,hvac_01,20.177,57.625,1.307,2.521,0.843
2026-08-04T06:00:00+00:00,hvac_01,19.951,56.654,1.121,2.499,0.863
2026-08-04T06:15:00+00:00,hvac_01,20.398,55.731,1.073,2.504,0.803
2026-08-04T06:30:00+00:00,hvac_01,20.345,53.29,1.465,2.496,0.842
2026-08-04T06:45:00+00:00,hvac_01,20.555,53.987,1.411,2.483,0.88
2026-08-04T07:00:00+00:00,hvac_01,21.76,54.044,4.126,2.501,1.193
2026-08-04T07:15:00+00:00,hvac_01,22.035,50.709,3.946,2.464,1.105
2026-08-04T07:30:00+00:00,hvac_01,22.216,51.353,3.725,2.46,1.151
2026-08-04T07:45:00+00:00,hvac_01,22.142,51.252,3.647,2.473,1.139
2026-08-04T08:00:00+00:00,hvac_01,21.927,49.56,3.813,2.47,1.158
2026-08-04T08:15:00+00:00,hvac_01,22.08,49.768,3.941,2.48,1.16
2026-08-04T08:30:00+00:00,hvac_01,22.344,48.535,4.24,2.475,1.148
2026-08-04T08:45:00+00:00,hvac_01,22.406,49.239,4.036,2.457,1.197
2026-08-04T09:00:00+00:00,hvac_01,22.957,49.039,4.214,2.457,1.165
2026-08-04T09:15:00+00:00,hvac_01,22.524,49.091,4.199,2.468,1.239
2026-08-04T09:30:00+00:00,hvac_01,22.916,47.931,4.358,2.448,1.203
2026-08-04T09:45:00+00:00,hvac_01,22.646,46.383,4.054,2.457,1.18
2026-08-04T10:00:00+00:00,hvac_01,22.989,48.987,4.272,2.46,1.193
2026-08-04T10:15:00+00:00,hvac_01,23.341,48.7,4.132,2.471,1.202
2026-08-04T10:30:00+00:00,hvac_01,23.349,46.181,4.183,2.473,1.214
2026-08-04T10:45:00+00:00,hvac_01,23.48,46.647,4.597,2.477,1.214
2026-08-04T11:00:00+00:00,hvac_01,23.288,44.907,4.37,2.466,1.194
2026-08-04T11:15:00+00:00,hvac_01,23.793,46.455,4.61,2.469,1.217
2026-08-04T11:30:00+00:00,hvac_01,23.806,44.803,4.547,2.476,1.17
2026-08-04T11:45:00+00:00,hvac_01,23.734,45.105,4.449,2.509,1.166
2026-08-04T12:00:00+00:00,hvac_01,24.287,46.379,4.573,2.515,1.241
2026-08-04T12:15:00+00:00,hvac_01,23.86,45.201,4.663,2.512,1.25
2026-08-04T12:30:00+00:00,hvac_01,23.789,45.342,4.449,2.493,1.201
2026-08-04T12:45:00+00:00,hvac_01,23.494,45.215,4.491,2.532,1.169
2026-08-04T13:00:00+00:00,hvac_01,23.539,44.358,4.446,2.525,1.186
2026-08-04T13:15:00+00:00,hvac_01,23.668,47.544,4.368,2.514,1.158
2026-08-04T13:30:00+00:00,hvac_01,23.381,46.231,4.515,2.519,1.251
2026-08-04T13:45:00+00:00,hvac_01,23.647,45.142,4.422,2.504,1.161
2026-08-04T14:00:00+00:00,hvac_01,23.699,45.871,4.455,2.528,1.212
2026-08-04T14:15:00+00:00,hvac_01,24.061,46.891,4.595,2.523,1.243
2026-08-04T14:30:00+00:00,hvac_01,23.918,47.011,4.31,2.533,1.166
2026-08-04T14:45:00+00:00,hvac_01,23.251,46.361,4.125,2.533,1.17
2026-08-04T15:00:00+00:00,hvac_01,23.593,46.644,4.221,2.55,1.159
2026-08-04T15:15:00+00:00,hvac_01,23.838,46.672,4.683,2.55,1.207
2026-08-04T15:30:00+00:00,hvac_01,23.223,46.613,4.231,2.534,1.143
2026-08-04T15:45:00+00:00,hvac_01,23.22,47.207,3.982,2.527,1.134
2026-08-04T16:00:00+00:00,hvac_01,22.94,49.038,3.939,2.518,1.15
2026-08-04T16:15:00+00:00,hvac_01,22.944,48.35,4.425,2.55,1.208
2026-08-04T16:30:00+00:00,hvac_01,22.78,48.589,3.934,2.541,1.228
2026-08-04T16:45:00+00:00,hvac_01,22.594,47.982,3.973,2.523,1.155
2026-08-04T17:00:00+00:00,hvac_01,22.579,48.345,4.272,2.514,1.171
2026-08-04T17:15:00+00:00,hvac_01,22.591,50.734,4.075,2.522,1.148
2026-08-04T17:30:00+00:00,hvac_01,22.502,50.221,4.281,2.477,1.191
2026-08-04T17:45:00+00:00,hvac_01,22.469,50.866,3.839,2.518,1.166
2026-08-04T18:00:00+00:00,hvac_01,22.421,50.49,4.021,2.487,1.152
2026-08-04T18:15:00+00:00,hvac_01,22.021,51.675,3.607,2.482,1.131
2026-08-04T18:30:00+00:00,hvac_01,21.858,52.4,3.66,2.488,1.104
2026-08-04T18:45:00+00:00,hvac_01,21.665,51.378,3.686,2.472,1.114
2026-08-04T19:00:00+00:00,hvac_01,20.368,54.431,1.2,2.478,0.796
2026-08-04T19:15:00+00:00,hvac_01,20.42,54.395,1.048,2.481,0.836
2026-08-04T19:30:00+00:00,hvac_01,20.42,54.978,1.062,2.493,0.766
2026-08-04T19:45:00+00:00,hvac_01,20.01,57.337,1.28,2.492,0.917
2026-08-04T20:00:00+00:00,hvac_01,20.38,57.985,1.262,2.458,0.885
2026-08-04T20:15:00+00:00,hvac_01,19.691,55.909,1.118,2.468,0.846
2026-08-04T20:30:00+00:00,hvac_01,20.091,57.572,1.609,2.467,0.921
2026-08-04T20:45:00+00:00,hvac_01,19.563,58.371,1.295,2.455,0.868
2026-08-04T21:00:00+00:00,hvac_01,19.351,60.463,1.089,2.468,0.823
2026-08-04T21:15:00+00:00,hvac_01,19.136,59.478,1.346,2.448,0.829
2026-08-04T21:30:00+00:00,hvac_01,19.611,60.136,1.346,2.453,0.857
2026-08-04T21:45:00+00:00,hvac_01,19.53,58.256,1.055,2.461,0.843
2026-08-04T22:00:00+00:00,hvac_01,19.467,61.696,1.149,2.483,0.784
2026-08-04T22:15:00+00:00,hvac_01,19.166,61.863,1.025,2.47,0.888
2026-08-04T22:30:00+00:00,hvac_01,18.941,61.306,1.312,2.465,0.852
2026-08-04T22:45:00+00:00,hvac_01,19.118,61.537,1.137,2.48,0.826
2026-08-04T23:00:00+00:00,hvac_01,18.869,61.085,1.33,2.473,0.892
2026-08-04T23:15:00+00:00,hvac_01,18.433,62.987,1.278,2.498,0.874
2026-08-04T23:30:00+00:00,hvac_01,19.099,61.133,0.939,2.507,0.8
2026-08-04T23:45:00+00:00,hvac_01,18.67,63.11,1.469,2.488,0.886
2026-08-05T00:00:00+00:00,hvac_01,18.738,63.12,1.137,2.467,1.246
2026-08-05T00:15:00+00:00,hvac_01,18.539,63.189,1.346,2.474,1.259
2026-08-05T00:30:00+00:00,hvac_01,18.676,63.573,1.227,2.447,1.304
2026-08-05T00:45:00+00:00,hvac_01,18.698,61.084,1.474,2.478,1.292
2026-08-05T01:00:00+00:00,hvac_01,18.344,63.201,1.38,2.465,1.273
2026-08-05T01:15:00+00:00,hvac_01,18.395,62.872,1.229,2.434,1.276
2026-08-05T01:30:00+00:00,hvac_01,18.213,61.517,1.304,2.462,1.346
2026-08-05T01:45:00+00:00,hvac_01,18.476,62.563,1.307,2.481,1.313
2026-08-05T02:00:00+00:00,hvac_01,18.65,63.794,1.264,2.464,1.34
2026-08-05T02:15:00+00:00,hvac_01,18.57,62.503,1.262,2.459,1.386
2026-08-05T02:30:00+00:00,hvac_01,19.231,62.226,1.241,2.487,1.399
2026-08-05T02:45:00+00:00,hvac_01,18.731,60.447,1.243,2.458,1.385
2026-08-05T03:00:00+00:00,hvac_01,18.696,63.036,1.373,2.478,1.378
2026-08-05T03:15:00+00:00,hvac_01,18.934,59.946,1.117,2.459,1.418
2026-08-05T03:30:00+00:00,hvac_01,18.931,63.108,1.266,2.449,1.428
2026-08-05T03:45:00+00:00,hvac_01,18.49,61.063,1.076,2.467,1.46
2026-08-05T04:00:00+00:00,hvac_01,19.273,59.108,1.531,2.468,1.49
2026-08-05T04:15:00+00:00,hvac_01,19.154,60.123,1.296,2.442,1.515
2026-08-05T04:30:00+00:00,hvac_01,19.224,59.403,1.319,2.459,1.468
2026-08-05T04:45:00+00:00,hvac_01,20.016,59.65,1.013,2.428,1.49
2026-08-05T05:00:00+00:00,hvac_01,19.693,58.569,1.309,2.431,1.484
2026-08-05T05:15:00+00:00,hvac_01,19.652,58.407,1.436,2.443,1.555
2026-08-05T05:30:00+00:00,hvac_01,19.915,59.061,1.753,2.422,1.656
2026-08-05T05:45:00+00:00,hvac_01,19.626,56.66,1.246,2.429,1.544
2026-08-05T06:00:00+00:00,hvac_01,20.148,58.994,1.313,2.396,1.591
2026-08-05T06:15:00+00:00,hvac_01,20.032,56.903,1.286,2.4,1.613
2026-08-05T06:30:00+00:00,hvac_01,20.183,56.488,1.385,2.404,1.58
2026-08-05T06:45:00+00:00,hvac_01,20.346,55.261,1.364,2.396,1.636
2026-08-05T07:00:00+00:00,hvac_01,21.757,52.552,3.719,2.386,1.888
2026-08-05T07:15:00+00:00,hvac_01,21.657,51.791,3.86,2.381,1.863
2026-08-05T07:30:00+00:00,hvac_01,21.524,51.566,3.901,2.381,1.981
2026-08-05T07:45:00+00:00,hvac_01,22.258,52.413,3.916,2.376,1.945
2026-08-05T08:00:00+00:00,hvac_01,22.08,52.202,4.091,2.363,2.029
2026-08-05T08:15:00+00:00,hvac_01,22.413,51.24,4.023,2.363,1.95
2026-08-05T08:30:00+00:00,hvac_01,22.469,52.173,4.226,2.355,2.037
2026-08-05T08:45:00+00:00,hvac_01,22.622,50.601,4.068,2.369,2.042
2026-08-05T09:00:00+00:00,hvac_01,22.522,51.156,3.754,2.349,2.011
2026-08-05T09:15:00+00:00,hvac_01,22.838,48.168,4.279,2.361,2.055
2026-08-05T09:30:00+00:00,hvac_01,23.02,49.409,4.189,2.349,2.131
2026-08-05T09:45:00+00:00,hvac_01,22.613,47.996,3.876,2.355,2.093
2026-08-05T10:00:00+00:00,hvac_01,23.068,48.198,4.148,2.386,2.027
2026-08-05T10:15:00+00:00,hvac_01,23.222,47.572,4.0,2.343,2.093
2026-08-05T10:30:00+00:00,hvac_01,23.604,47.18,4.291,2.353,2.152
2026-08-05T10:45:00+00:00,hvac_01,23.399,47.435,4.284,2.373,2.142
2026-08-05T11:00:00+00:00,hvac_01,23.74,46.889,4.713,2.359,2.253
2026-08-05T11:15:00+00:00,hvac_01,23.535,46.909,4.382,2.35,2.243
2026-08-05T11:30:00+00:00,hvac_01,23.734,46.185,4.225,2.368,2.172
2026-08-05T11:45:00+00:00,hvac_01,23.534,45.526,4.331,2.397,2.149
2026-08-05T12:00:00+00:00,hvac_01,23.853,46.433,4.262,2.358,2.233
2026-08-05T12:15:00+00:00,hvac_01,23.634,46.412,4.31,2.367,2.251
2026-08-05T12:30:00+00:00,hvac_01,23.834,46.908,4.539,2.382,2.301
2026-08-05T12:45:00+00:00,hvac_01,23.657,45.251,4.329,2.373,2.268
2026-08-05T13:00:00+00:00,hvac_01,24.078,45.493,4.753,2.391,2.297
2026-08-05T13:15:00+00:00,hvac_01,23.477,47.473,4.43,2.389,2.323
2026-08-05T13:30:00+00:00,hvac_01,23.673,47.546,4.358,2.361,2.264
2026-08-05T13:45:00+00:00,hvac_01,23.443,46.179,4.547,2.403,2.313
2026-08-05T14:00:00+00:00,hvac_01,23.658,46.615,4.285,2.393,2.317
2026-08-05T14:15:00+00:00,hvac_01,23.511,46.443,4.472,2.378,2.29
2026-08-05T14:30:00+00:00,hvac_01,23.704,47.135,4.363,2.399,2.357
2026-08-05T14:45:00+00:00,hvac_01,23.428,47.884,4.465,2.394,2.374
2026-08-05T15:00:00+00:00,hvac_01,23.652,49.131,4.403,2.384,2.376
2026-08-05T15:15:00+00:00,hvac_01,23.191,47.8,4.222,2.389,2.353
2026-08-05T15:30:00+00:00,hvac_01,23.746,48.328,4.262,2.395,2.377
2026-08-05T15:45:00+00:00,hvac_01,23.225,48.318,4.092,2.396,2.351
2026-08-05T16:00:00+00:00,hvac_01,23.118,49.031,4.294,2.377,2.389
2026-08-05T16:15:00+00:00,hvac_01,23.11,50.143,4.498,2.372,2.495
2026-08-05T16:30:00+00:00,hvac_01,23.388,48.852,4.094,2.377,2.456
2026-08-05T16:45:00+00:00,hvac_01,22.788,50.607,4.107,2.381,2.371
2026-08-05T17:00:00+00:00,hvac_01,22.93,50.725,4.044,2.354,2.437
2026-08-05T17:15:00+00:00,hvac_01,22.616,51.172,4.034,2.343,2.379
2026-08-05T17:30:00+00:00,hvac_01,22.566,49.47,4.139,2.358,2.453
2026-08-05T17:45:00+00:00,hvac_01,22.292,50.661,3.992,2.359,2.471
2026-08-05T18:00:00+00:00,hvac_01,22.411,52.013,4.11,2.343,2.518
2026-08-05T18:15:00+00:00,hvac_01,22.335,52.014,3.938,2.303,2.52
2026-08-05T18:30:00+00:00,hvac_01,22.222,53.817,3.914,2.317,2.447
2026-08-05T18:45:00+00:00,hvac_01,22.153,53.7,3.726,2.335,2.455
2026-08-05T19:00:00+00:00,hvac_01,20.519,54.831,1.014,2.321,2.175
2026-08-05T19:15:00+00:00,hvac_01,20.489,55.583,1.387,2.322,2.276
2026-08-05T19:30:00+00:00,hvac_01,20.215,58.007,1.188,2.29,2.24
2026-08-05T19:45:00+00:00,hvac_01,20.126,57.045,1.234,2.334,2.296
2026-08-05T20:00:00+00:00,hvac_01,20.0,58.254,0.984,2.289,2.228
2026-08-05T20:15:00+00:00,hvac_01,19.862,57.493,1.207,2.304,2.27
2026-08-05T20:30:00+00:00,hvac_01,19.416,57.859,1.29,2.278,2.335
2026-08-05T20:45:00+00:00,hvac_01,19.656,59.497,1.272,2.278,2.315
2026-08-05T21:00:00+00:00,hvac_01,19.584,59.122,1.429,2.288,2.314
2026-08-05T21:15:00+00:00,hvac_01,19.283,58.944,1.047,2.284,2.369
2026-08-05T21:30:00+00:00,hvac_01,19.446,60.935,1.22,2.295,2.345
2026-08-05T21:45:00+00:00,hvac_01,19.395,61.718,1.434,2.275,2.383
2026-08-05T22:00:00+00:00,hvac_01,18.666,62.122,1.12,2.294,2.365
2026-08-05T22:15:00+00:00,hvac_01,19.082,62.313,1.4,2.286,2.408
2026-08-05T22:30:00+00:00,hvac_01,18.984,62.094,1.464,2.277,2.43
2026-08-05T22:45:00+00:00,hvac_01,19.0,61.945,1.078,2.289,2.382
2026-08-05T23:00:00+00:00,hvac_01,18.93,61.984,1.241,2.285,2.431
2026-08-05T23:15:00+00:00,hvac_01,18.633,63.245,1.325,2.299,2.457
2026-08-05T23:30:00+00:00,hvac_01,18.8,63.998,1.312,2.283,2.468
2026-08-05T23:45:00+00:00,hvac_01,18.49,63.45,1.104,2.28,2.51
2026-08-06T00:00:00+00:00,hvac_01,18.829,63.746,1.289,2.303,2.504
2026-08-06T00:15:00+00:00,hvac_01,18.591,62.625,1.16,2.316,2.447
2026-08-06T00:30:00+00:00,hvac_01,18.538,62.488,1.102,2.317,2.502
2026-08-06T00:45:00+00:00,hvac_01,18.437,63.437,1.065,2.323,2.539
2026-08-06T01:00:00+00:00,hvac_01,18.496,64.997,1.236,2.288,2.56
2026-08-06T01:15:00+00:00,hvac_01,18.626,63.999,1.415,2.315,2.539
2026-08-06T01:30:00+00:00,hvac_01,18.738,64.041,1.107,2.314,2.508
2026-08-06T01:45:00+00:00,hvac_01,18.499,64.174,1.008,2.327,2.52
2026-08-06T02:00:00+00:00,hvac_01,18.614,61.552,1.077,2.329,2.575
2026-08-06T02:15:00+00:00,hvac_01,18.605,62.302,1.239,2.311,2.615
2026-08-06T02:30:00+00:00,hvac_01,18.607,64.254,1.243,2.335,2.571
2026-08-06T02:45:00+00:00,hvac_01,18.835,63.942,1.221,2.31,2.602
2026-08-06T03:00:00+00:00,hvac_01,18.851,63.332,1.466,2.316,2.628
2026-08-06T03:15:00+00:00,hvac_01,19.056,62.592,1.316,2.33,2.706
2026-08-06T03:30:00+00:00,hvac_01,19.104,62.429,1.313,2.318,2.648
2026-08-06T03:45:00+00:00,hvac_01,19.119,62.021,1.129,2.298,2.612
2026-08-06T04:00:00+00:00,hvac_01,19.136,61.798,1.124,2.283,2.611
2026-08-06T04:15:00+00:00,hvac_01,18.836,60.078,1.213,2.33,2.683
2026-08-06T04:30:00+00:00,hvac_01,19.089,59.731,1.327,2.293,2.718
2026-08-06T04:45:00+00:00,hvac_01,19.657,60.367,1.193,2.276,2.682
2026-08-06T05:00:00+00:00,hvac_01,19.572,60.345,1.191,2.293,2.787
2026-08-06T05:15:00+00:00,hvac_01,20.132,61.319,1.226,2.287,2.739
2026-08-06T05:30:00+00:00,hvac_01,19.781,59.147,1.145,2.272,2.745
2026-08-06T05:45:00+00:00,hvac_01,20.107,59.067,1.0,2.268,2.757
2026-08-06T06:00:00+00:00,hvac_01,20.308,56.682,1.1,2.259,2.728
2026-08-06T06:15:00+00:00,hvac_01,20.475,56.936,1.373,2.252,2.732
2026-08-06T06:30:00+00:00,hvac_01,20.201,56.823,1.17,2.261,2.736
2026-08-06T06:45:00+00:00,hvac_01,20.256,56.772,1.137,2.247,2.734
2026-08-06T07:00:00+00:00,hvac_01,21.285,52.84,3.779,2.245,3.085
2026-08-06T07:15:00+00:00,hvac_01,21.954,54.313,3.733,2.247,3.1
2026-08-06T07:30:00+00:00,hvac_01,21.347,53.294,3.945,2.231,3.153
2026-08-06T07:45:00+00:00,hvac_01,22.133,52.424,4.017,2.197,3.159
2026-08-06T08:00:00+00:00,hvac_01,21.73,51.572,4.159,2.208,3.199
2026-08-06T08:15:00+00:00,hvac_01,22.399,51.174,4.202,2.206,3.204
2026-08-06T08:30:00+00:00,hvac_01,22.708,51.069,3.867,2.226,3.226
2026-08-06T08:45:00+00:00,hvac_01,22.957,51.07,4.35,2.216,3.261
2026-08-06T09:00:00+00:00,hvac_01,22.45,51.521,4.125,2.207,3.19
2026-08-06T09:15:00+00:00,hvac_01,23.142,49.546,4.759,2.223,3.319
2026-08-06T09:30:00+00:00,hvac_01,22.771,49.472,4.405,2.189,3.319
2026-08-06T09:45:00+00:00,hvac_01,22.851,49.118,4.266,2.205,3.293
2026-08-06T10:00:00+00:00,hvac_01,22.98,48.814,4.207,2.198,3.362
2026-08-06T10:15:00+00:00,hvac_01,23.135,49.694,4.268,2.205,3.314
2026-08-06T10:30:00+00:00,hvac_01,23.683,47.857,4.512,2.205,3.394
2026-08-06T10:45:00+00:00,hvac_01,23.528,47.784,4.365,2.219,3.354
2026-08-06T11:00:00+00:00,hvac_01,23.572,48.496,4.519,2.211,3.425
2026-08-06T11:15:00+00:00,hvac_01,23.379,48.822,4.183,2.214,3.439
2026-08-06T11:30:00+00:00,hvac_01,23.384,46.458,4.502,2.222,3.406
2026-08-06T11:45:00+00:00,hvac_01,23.524,46.386,4.162,2.235,3.401
2026-08-06T12:00:00+00:00,hvac_01,23.796,45.563,4.524,2.216,3.41
2026-08-06T12:15:00+00:00,hvac_01,23.78,46.301,4.402,2.223,3.466
2026-08-06T12:30:00+00:00,hvac_01,23.615,47.016,4.599,2.221,3.537
2026-08-06T12:45:00+00:00,hvac_01,23.842,46.441,4.232,2.243,3.377
2026-08-06T13:00:00+00:00,hvac_01,24.204,47.585,4.475,2.248,3.486
2026-08-06T13:15:00+00:00,hvac_01,23.678,47.351,4.451,2.242,3.484
2026-08-06T13:30:00+00:00,hvac_01,23.852,47.443,4.404,2.255,3.526
2026-08-06T13:45:00+00:00,hvac_01,23.661,47.697,4.452,2.259,3.516
2026-08-06T14:00:00+00:00,hvac_01,24.019,48.396,4.572,2.227,3.542
2026-08-06T14:15:00+00:00,hvac_01,23.56,49.034,4.383,2.245,3.566
2026-08-06T14:30:00+00:00,hvac_01,23.432,46.943,4.498,2.259,3.595
2026-08-06T14:45:00+00:00,hvac_01,23.837,47.251,4.436,2.238,3.507
2026-08-06T15:00:00+00:00,hvac_01,23.501,47.179,4.3,2.209,3.529
2026-08-06T15:15:00+00:00,hvac_01,23.758,47.859,4.378,2.239,3.615
2026-08-06T15:30:00+00:00,hvac_01,23.065,47.387,4.005,2.242,3.581
2026-08-06T15:45:00+00:00,hvac_01,23.467,48.724,4.359,2.224,3.647
2026-08-06T16:00:00+00:00,hvac_01,22.963,47.503,4.315,2.211,3.629
2026-08-06T16:15:00+00:00,hvac_01,23.181,48.599,4.342,2.238,3.634
2026-08-06T16:30:00+00:00,hvac_01,22.977,49.97,4.237,2.22,3.66
2026-08-06T16:45:00+00:00,hvac_01,23.085,50.328,4.156,2.208,3.645
2026-08-06T17:00:00+00:00,hvac_01,22.821,50.026,4.279,2.218,3.68
2026-08-06T17:15:00+00:00,hvac_01,22.653,49.871,3.787,2.213,3.627
2026-08-06T17:30:00+00:00,hvac_01,22.766,51.25,4.054,2.193,3.73
2026-08-06T17:45:00+00:00,hvac_01,22.548,51.217,3.793,2.175,3.678
2026-08-06T18:00:00+00:00,hvac_01,22.151,54.039,3.934,2.173,3.657
2026-08-06T18:15:00+00:00,hvac_01,22.38,53.31,4.058,2.188,3.705
2026-08-06T18:30:00+00:00,hvac_01,21.869,52.992,4.172,2.166,3.685
2026-08-06T18:45:00+00:00,hvac_01,21.762,53.927,3.725,2.179,3.698
2026-08-06T19:00:00+00:00,hvac_01,21.075,56.104,1.032,2.155,3.388
2026-08-06T19:15:00+00:00,hvac_01,20.216,57.01,1.178,2.169,3.434
2026-08-06T19:30:00+00:00,hvac_01,20.075,58.213,0.901,2.126,3.438
2026-08-06T19:45:00+00:00,hvac_01,20.544,58.143,1.184,2.164,3.432
2026-08-06T20:00:00+00:00,hvac_01,19.708,58.328,1.448,2.15,3.483
2026-08-06T20:15:00+00:00,hvac_01,19.933,58.23,1.09,2.147,3.5
2026-08-06T20:30:00+00:00,hvac_01,19.648,59.128,1.478,2.114,3.546
2026-08-06T20:45:00+00:00,hvac_01,19.396,59.452,1.272,2.13,3.508
2026-08-06T21:00:00+00:00,hvac_01,19.425,60.477,1.496,2.14,3.553
2026-08-06T21:15:00+00:00,hvac_01,19.34,60.785,1.1,2.128,3.545
2026-08-06T21:30:00+00:00,hvac_01,19.317,59.351,1.376,2.133,3.521
2026-08-06T21:45:00+00:00,hvac_01,19.093,62.216,1.165,2.122,3.595
2026-08-06T22:00:00+00:00,hvac_01,19.142,61.186,0.943,2.12,3.535
2026-08-06T22:15:00+00:00,hvac_01,19.259,63.675,1.287,2.148,3.636
2026-08-06T22:30:00+00:00,hvac_01,18.85,61.831,1.168,2.147,3.591
2026-08-06T22:45:00+00:00,hvac_01,19.007,62.391,1.251,2.141,3.647
2026-08-06T23:00:00+00:00,hvac_01,18.706,62.862,1.459,2.139,3.653
2026-08-06T23:15:00+00:00,hvac_01,18.679,62.858,1.185,2.13,3.723
2026-08-06T23:30:00+00:00,hvac_01,18.373,62.523,0.921,2.155,3.593
2026-08-06T23:45:00+00:00,hvac_01,18.81,62.783,1.128,2.132,3.646
2026-08-07T00:00:00+00:00,hvac_01,18.644,63.884,1.078,2.501,0.9
2026-08-07T00:15:00+00:00,hvac_01,18.728,63.578,1.171,2.494,0.825
2026-08-07T00:30:00+00:00,hvac_01,19.11,63.959,1.12,2.48,0.824
2026-08-07T00:45:00+00:00,hvac_01,18.495,62.929,1.211,2.529,0.804
2026-08-07T01:00:00+00:00,hvac_01,18.856,63.217,1.438,2.507,0.891
2026-08-07T01:15:00+00:00,hvac_01,18.651,64.79,1.39,2.518,0.912
2026-08-07T01:30:00+00:00,hvac_01,18.878,63.247,1.297,2.508,0.889
2026-08-07T01:45:00+00:00,hvac_01,18.688,63.896,1.272,2.549,0.907
2026-08-07T02:00:00+00:00,hvac_01,18.656,62.479,0.908,2.557,0.803
2026-08-07T02:15:00+00:00,hvac_01,18.563,64.052,1.169,2.532,0.866
2026-08-07T02:30:00+00:00,hvac_01,18.457,63.559,1.148,2.54,0.846
2026-08-07T02:45:00+00:00,hvac_01,18.559,62.016,1.364,2.512,0.845
2026-08-07T03:00:00+00:00,hvac_01,18.898,62.399,1.31,2.524,0.852
2026-08-07T03:15:00+00:00,hvac_01,19.175,63.91,1.312,2.547,0.891
2026-08-07T03:30:00+00:00,hvac_01,18.774,63.064,1.209,2.534,0.865
2026-08-07T03:45:00+00:00,hvac_01,18.471,60.744,1.167,2.545,0.858
2026-08-07T04:00:00+00:00,hvac_01,19.402,62.144,1.202,2.525,0.863
2026-08-07T04:15:00+00:00,hvac_01,19.114,61.395,1.472,2.512,0.87
2026-08-07T04:30:00+00:00,hvac_01,19.456,61.344,1.297,2.531,0.861
2026-08-07T04:45:00+00:00,hvac_01,19.557,59.544,1.672,2.531,0.884
2026-08-07T05:00:00+00:00,hvac_01,19.861,59.29,1.069,2.512,0.838
2026-08-07T05:15:00+00:00,hvac_01,19.907,60.144,1.178,2.504,0.88
2026-08-07T05:30:00+00:00,hvac_01,19.76,59.506,1.526,2.493,0.905
2026-08-07T05:45:00+00:00,hvac_01,19.783,58.482,1.308,2.518,0.853
2026-08-07T06:00:00+00:00,hvac_01,19.704,59.142,1.037,2.489,0.855
2026-08-07T06:15:00+00:00,hvac_01,20.581,57.942,1.156,2.487,0.873
2026-08-07T06:30:00+00:00,hvac_01,20.703,55.936,1.234,2.506,0.851
2026-08-07T06:45:00+00:00,hvac_01,20.222,56.14,1.218,2.497,0.881
2026-08-07T07:00:00+00:00,hvac_01,21.384,54.786,3.503,2.487,1.175
2026-08-07T07:15:00+00:00,hvac_01,21.761,52.422,3.797,2.455,1.146
2026-08-07T07:30:00+00:00,hvac_01,21.901,53.872,3.865,2.476,1.199
2026-08-07T07:45:00+00:00,hvac_01,21.881,53.626,4.017,2.482,1.206
2026-08-07T08:00:00+00:00,hvac_01,22.38,52.49,4.129,2.461,1.209
2026-08-07T08:15:00+00:00,hvac_01,22.614,51.988,3.924,2.452,1.177
2026-08-07T08:30:00+00:00,hvac_01,22.524,51.037,4.035,2.47,1.174
2026-08-07T08:45:00+00:00,hvac_01,22.808,50.288,4.458,2.475,1.266
2026-08-07T09:00:00+00:00,hvac_01,22.324,49.861,4.118,2.48,1.178
2026-08-07T09:15:00+00:00,hvac_01,22.909,51.021,4.329,2.442,1.23
2026-08-07T09:30:00+00:00,hvac_01,23.105,48.899,4.156,2.462,1.151
2026-08-07T09:45:00+00:00,hvac_01,22.88,50.353,3.831,2.456,1.145
2026-08-07T10:00:00+00:00,hvac_01,23.306,47.19,4.029,2.451,1.177
2026-08-07T10:15:00+00:00,hvac_01,23.436,48.361,4.463,2.467,1.258
2026-08-07T10:30:00+00:00,hvac_01,23.45,48.517,4.218,2.472,1.222
2026-08-07T10:45:00+00:00,hvac_01,23.273,48.545,4.553,2.489,1.281
2026-08-07T11:00:00+00:00,hvac_01,23.754,48.861,4.52,2.495,1.248
2026-08-07T11:15:00+00:00,hvac_01,23.738,47.346,4.434,2.488,1.262
2026-08-07T11:30:00+00:00,hvac_01,23.361,46.769,4.232,2.471,1.15
2026-08-07T11:45:00+00:00,hvac_01,23.886,47.144,4.476,2.505,1.127
2026-08-07T12:00:00+00:00,hvac_01,23.477,45.869,4.522,2.491,1.222
2026-08-07T12:15:00+00:00,hvac_01,24.071,47.221,4.553,2.506,1.222
2026-08-07T12:30:00+00:00,hvac_01,23.6,45.899,4.452,2.506,1.216
2026-08-07T12:45:00+00:00,hvac_01,24.442,46.139,4.977,2.521,1.292
2026-08-07T13:00:00+00:00,hvac_01,23.864,45.149,4.587,2.515,1.259
2026-08-07T13:15:00+00:00,hvac_01,23.469,46.467,4.511,2.53,1.284
2026-08-07T13:30:00+00:00,hvac_01,23.686,45.33,4.446,2.517,1.299
2026-08-07T13:45:00+00:00,hvac_01,24.234,46.315,4.555,2.532,1.25
2026-08-07T14:00:00+00:00,hvac_01,23.127,48.271,4.31,2.554,1.212
2026-08-07T14:15:00+00:00,hvac_01,23.793,46.949,4.646,2.549,1.268
2026-08-07T14:30:00+00:00,hvac_01,23.48,46.394,4.032,2.541,1.247
2026-08-07T14:45:00+00:00,hvac_01,23.564,47.903,4.531,2.519,1.195
2026-08-07T15:00:00+00:00,hvac_01,23.283,49.123,4.412,2.538,1.211
2026-08-07T15:15:00+00:00,hvac_01,23.452,48.265,4.325,2.537,1.256
2026-08-07T15:30:00+00:00,hvac_01,23.367,46.621,4.346,2.536,1.202
2026-08-07T15:45:00+00:00,hvac_01,23.718,48.451,4.407,2.519,1.209
2026-08-07T16:00:00+00:00,hvac_01,23.509,48.24,4.476,2.51,1.231
2026-08-07T16:15:00+00:00,hvac_01,23.017,48.605,4.231,2.539,1.252
2026-08-07T16:30:00+00:00,hvac_01,22.81,51.026,4.391,2.533,1.203
2026-08-07T16:45:00+00:00,hvac_01,22.337,49.731,4.278,2.501,1.218
2026-08-07T17:00:00+00:00,hvac_01,23.097,51.297,4.09,2.503,1.171
2026-08-07T17:15:00+00:00,hvac_01,22.736,51.763,4.27,2.494,1.161
2026-08-07T17:30:00+00:00,hvac_01,22.519,50.98,3.913,2.521,1.086
2026-08-07T17:45:00+00:00,hvac_01,22.214,52.228,4.111,2.497,1.162
2026-08-07T18:00:00+00:00,hvac_01,22.252,51.798,4.052,2.513,1.193
2026-08-07T18:15:00+00:00,hvac_01,21.787,52.177,3.713,2.496,1.112
2026-08-07T18:30:00+00:00,hvac_01,21.92,53.903,3.826,2.462,1.104
2026-08-07T18:45:00+00:00,hvac_01,21.819,52.124,3.927,2.493,1.174
2026-08-07T19:00:00+00:00,hvac_01,20.717,55.96,1.427,2.487,0.899
2026-08-07T19:15:00+00:00,hvac_01,20.503,55.449,0.847,2.458,0.804
2026-08-07T19:30:00+00:00,hvac_01,20.376,56.417,1.604,2.459,0.97
2026-08-07T19:45:00+00:00,hvac_01,20.438,57.749,1.119,2.465,0.796
2026-08-07T20:00:00+00:00,hvac_01,20.381,57.173,1.13,2.482,0.836
2026-08-07T20:15:00+00:00,hvac_01,19.865,57.416,1.41,2.465,0.812
2026-08-07T20:30:00+00:00,hvac_01,19.93,58.763,1.397,2.489,0.939
2026-08-07T20:45:00+00:00,hvac_01,19.603,58.967,1.442,2.466,0.896
2026-08-07T21:00:00+00:00,hvac_01,19.683,59.032,1.321,2.47,0.853
2026-08-07T21:15:00+00:00,hvac_01,19.186,59.685,1.558,2.443,0.961
2026-08-07T21:30:00+00:00,hvac_01,19.68,59.473,1.437,2.466,0.92
2026-08-07T21:45:00+00:00,hvac_01,19.837,60.316,1.406,2.47,0.881
2026-08-07T22:00:00+00:00,hvac_01,18.904,60.89,1.053,2.469,0.832
2026-08-07T22:15:00+00:00,hvac_01,19.229,61.707,1.262,2.483,0.831
2026-08-07T22:30:00+00:00,hvac_01,18.801,62.193,1.129,2.489,0.87
2026-08-07T22:45:00+00:00,hvac_01,18.808,61.417,1.09,2.46,0.796
2026-08-07T23:00:00+00:00,hvac_01,18.587,62.739,1.342,2.511,0.852
2026-08-07T23:15:00+00:00,hvac_01,18.662,62.331,1.345,2.499,0.858
2026-08-07T23:30:00+00:00,hvac_01,18.752,62.016,1.195,2.496,0.797
2026-08-07T23:45:00+00:00,hvac_01,18.892,62.437,1.301,2.498,0.854
2026-08-08T00:00:00+00:00,hvac_01,18.465,61.906,1.327,2.497,0.872
2026-08-08T00:15:00+00:00,hvac_01,18.679,64.637,1.078,2.506,0.823
2026-08-08T00:30:00+00:00,hvac_01,18.686,63.506,1.261,2.49,0.836
2026-08-08T00:45:00+00:00,hvac_01,18.697,61.731,1.305,2.52,0.901
2026-08-08T01:00:00+00:00,hvac_01,18.72,61.844,1.059,2.492,0.877
2026-08-08T01:15:00+00:00,hvac_01,18.618,62.637,1.35,2.504,0.872
2026-08-08T01:30:00+00:00,hvac_01,18.48,62.781,1.27,2.53,0.834
2026-08-08T01:45:00+00:00,hvac_01,18.29,63.423,1.28,2.505,0.854
2026-08-08T02:00:00+00:00,hvac_01,18.592,62.234,1.276,2.526,0.877
2026-08-08T02:15:00+00:00,hvac_01,18.59,63.194,1.02,2.525,0.86
2026-08-08T02:30:00+00:00,hvac_01,18.479,60.931,1.205,2.519,0.889
2026-08-08T02:45:00+00:00,hvac_01,18.573,59.727,1.147,2.534,0.857
2026-08-08T03:00:00+00:00,hvac_01,18.848,61.507,1.161,2.549,0.882
2026-08-08T03:15:00+00:00,hvac_01,18.98,61.475,1.325,2.535,0.871
2026-08-08T03:30:00+00:00,hvac_01,19.03,60.844,1.55,2.522,0.847
2026-08-08T03:45:00+00:00,hvac_01,19.083,59.504,1.285,2.512,0.86
2026-08-08T04:00:00+00:00,hvac_01,19.477,60.372,1.19,2.554,0.856
2026-08-08T04:15:00+00:00,hvac_01,18.893,60.916,1.359,2.535,0.896
2026-08-08T04:30:00+00:00,hvac_01,19.508,60.893,1.215,2.512,0.868
2026-08-08T04:45:00+00:00,hvac_01,19.56,59.767,1.367,2.53,0.887
2026-08-08T05:00:00+00:00,hvac_01,19.402,58.424,1.271,2.512,0.856
2026-08-08T05:15:00+00:00,hvac_01,19.215,59.516,1.153,2.529,0.798
2026-08-08T05:30:00+00:00,hvac_01,28.225,59.014,5.485,2.166,2.993
2026-08-08T05:45:00+00:00,hvac_01,28.151,58.327,5.732,2.153,3.046
2026-08-08T06:00:00+00:00,hvac_01,28.296,58.258,5.895,2.16,3.145
2026-08-08T06:15:00+00:00,hvac_01,28.407,56.574,5.764,2.143,3.044
2026-08-08T06:30:00+00:00,hvac_01,20.408,56.225,1.479,2.483,0.865
2026-08-08T06:45:00+00:00,hvac_01,20.487,54.434,1.435,2.504,0.883
2026-08-08T07:00:00+00:00,hvac_01,20.595,55.669,1.257,2.497,0.867
2026-08-08T07:15:00+00:00,hvac_01,21.141,55.654,1.175,2.485,0.884
2026-08-08T07:30:00+00:00,hvac_01,20.984,53.767,1.295,2.455,0.901
2026-08-08T07:45:00+00:00,hvac_01,21.162,52.895,1.216,2.481,0.804
2026-08-08T08:00:00+00:00,hvac_01,21.601,52.597,1.334,2.483,0.925
2026-08-08T08:15:00+00:00,hvac_01,21.044,51.066,1.247,2.456,0.796
2026-08-08T08:30:00+00:00,hvac_01,21.579,53.694,1.042,2.477,0.788
2026-08-08T08:45:00+00:00,hvac_01,21.578,53.357,0.992,2.482,0.801
2026-08-08T09:00:00+00:00,hvac_01,21.726,50.888,1.141,2.468,0.762
2026-08-08T09:15:00+00:00,hvac_01,21.644,52.626,1.505,2.472,0.936
2026-08-08T09:30:00+00:00,hvac_01,21.977,50.028,1.281,2.482,0.898
2026-08-08T09:45:00+00:00,hvac_01,22.206,48.032,1.302,2.463,0.883
2026-08-08T10:00:00+00:00,hvac_01,22.117,48.499,1.448,2.475,0.865
2026-08-08T10:15:00+00:00,hvac_01,21.879,49.589,1.239,2.485,0.846
2026-08-08T10:30:00+00:00,hvac_01,22.087,49.881,1.094,2.483,0.81
2026-08-08T10:45:00+00:00,hvac_01,22.619,50.531,1.479,2.473,0.88
2026-08-08T11:00:00+00:00,hvac_01,22.382,48.031,1.41,2.466,0.839
2026-08-08T11:15:00+00:00,hvac_01,22.594,47.557,1.547,2.481,0.89
2026-08-08T11:30:00+00:00,hvac_01,22.827,47.937,1.67,2.477,0.876
2026-08-08T11:45:00+00:00,hvac_01,22.603,47.643,1.382,2.479,0.777
2026-08-08T12:00:00+00:00,hvac_01,22.745,47.344,1.4,2.507,0.908
2026-08-08T12:15:00+00:00,hvac_01,22.658,47.267,1.541,2.515,0.856
2026-08-08T12:30:00+00:00,hvac_01,22.906,47.936,1.626,2.525,0.837
2026-08-08T12:45:00+00:00,hvac_01,22.502,47.854,1.539,2.499,0.857
2026-08-08T13:00:00+00:00,hvac_01,22.742,47.377,1.391,2.521,0.918
2026-08-08T13:15:00+00:00,hvac_01,23.089,48.086,1.648,2.501,0.91
2026-08-08T13:30:00+00:00,hvac_01,22.495,48.058,1.477,2.525,0.836
2026-08-08T13:45:00+00:00,hvac_01,22.839,46.542,1.562,2.513,0.875
2026-08-08T14:00:00+00:00,hvac_01,22.575,48.797,1.447,2.541,0.844
2026-08-08T14:15:00+00:00,hvac_01,22.459,47.535,1.444,2.511,0.874
2026-08-08T14:30:00+00:00,hvac_01,22.74,46.491,1.636,2.542,0.889
2026-08-08T14:45:00+00:00,hvac_01,22.783,48.839,1.476,2.522,0.908
2026-08-08T15:00:00+00:00,hvac_01,22.52,48.016,1.242,2.549,0.827
2026-08-08T15:15:00+00:00,hvac_01,22.373,48.047,1.624,2.543,0.94
2026-08-08T15:30:00+00:00,hvac_01,22.485,47.36,1.377,2.54,0.922
2026-08-08T15:45:00+00:00,hvac_01,21.688,49.419,1.321,2.521,0.871
2026-08-08T16:00:00+00:00,hvac_01,22.075,50.57,1.542,2.539,0.905
2026-08-08T16:15:00+00:00,hvac_01,22.294,49.849,1.535,2.528,0.885
2026-08-08T16:30:00+00:00,hvac_01,22.148,49.506,1.384,2.541,0.908
2026-08-08T16:45:00+00:00,hvac_01,21.896,50.123,1.088,2.523,0.883
2026-08-08T17:00:00+00:00,hvac_01,21.304,51.276,1.247,2.512,0.795
2026-08-08T17:15:00+00:00,hvac_01,22.112,51.487,1.374,2.534,0.852
2026-08-08T17:30:00+00:00,hvac_01,21.527,51.758,1.302,2.527,0.848
2026-08-08T17:45:00+00:00,hvac_01,20.975,51.453,1.365,2.516,0.831
2026-08-08T18:00:00+00:00,hvac_01,21.183,52.674,1.388,2.498,0.856
2026-08-08T18:15:00+00:00,hvac_01,21.346,53.315,1.153,2.482,0.859
2026-08-08T18:30:00+00:00,hvac_01,21.316,51.71,1.073,2.497,0.793
2026-08-08T18:45:00+00:00,hvac_01,20.799,54.181,1.221,2.497,0.876
2026-08-08T19:00:00+00:00,hvac_01,20.394,55.277,1.322,2.484,0.86
2026-08-08T19:15:00+00:00,hvac_01,20.296,55.482,1.201,2.482,0.925
2026-08-08T19:30:00+00:00,hvac_01,20.202,57.639,1.387,2.487,0.906
2026-08-08T19:45:00+00:00,hvac_01,20.324,55.11,0.928,2.446,0.787
2026-08-08T20:00:00+00:00,hvac_01,20.211,55.883,1.237,2.473,0.888
2026-08-08T20:15:00+00:00,hvac_01,20.288,58.35,1.471,2.458,0.852
2026-08-08T20:30:00+00:00,hvac_01,19.673,57.592,1.166,2.47,0.863
2026-08-08T20:45:00+00:00,hvac_01,19.686,57.375,1.165,2.469,0.89
2026-08-08T21:00:00+00:00,hvac_01,19.49,57.627,1.423,2.468,0.835
2026-08-08T21:15:00+00:00,hvac_01,19.527,57.585,1.192,2.458,0.886
2026-08-08T21:30:00+00:00,hvac_01,19.231,58.728,1.48,2.479,0.879
2026-08-08T21:45:00+00:00,hvac_01,19.438,61.023,1.261,2.477,0.846
2026-08-08T22:00:00+00:00,hvac_01,19.161,59.309,1.392,2.489,0.875
2026-08-08T22:15:00+00:00,hvac_01,19.044,60.145,1.1,2.456,0.762
2026-08-08T22:30:00+00:00,hvac_01,19.076,60.364,1.215,2.462,0.89
2026-08-08T22:45:00+00:00,hvac_01,18.775,60.169,1.126,2.49,0.886
2026-08-08T23:00:00+00:00,hvac_01,18.58,60.79,1.253,2.494,0.827
2026-08-08T23:15:00+00:00,hvac_01,19.082,60.775,1.219,2.478,0.831
2026-08-08T23:30:00+00:00,hvac_01,18.643,60.759,1.22,2.481,0.766
2026-08-08T23:45:00+00:00,hvac_01,19.017,61.232,1.377,2.499,0.87
2026-08-09T00:00:00+00:00,hvac_01,20.202,61.948,4.478,2.497,0.846
2026-08-09T00:15:00+00:00,hvac_01,20.299,61.176,4.491,2.484,0.864
2026-08-09T00:30:00+00:00,hvac_01,20.053,61.32,4.552,2.519,0.803
2026-08-09T00:45:00+00:00,hvac_01,20.107,61.89,4.377,2.517,0.803
2026-08-09T01:00:00+00:00,hvac_01,20.053,62.47,4.517,2.503,0.865
2026-08-09T01:15:00+00:00,hvac_01,20.346,62.352,4.391,2.514,0.877
2026-08-09T01:30:00+00:00,hvac_01,20.034,61.734,4.524,2.531,0.909
2026-08-09T01:45:00+00:00,hvac_01,20.402,61.542,4.347,2.511,0.775
2026-08-09T02:00:00+00:00,hvac_01,20.471,61.541,4.615,2.533,0.845
2026-08-09T02:15:00+00:00,hvac_01,20.251,61.75,4.421,2.536,0.806
2026-08-09T02:30:00+00:00,hvac_01,20.299,61.327,4.525,2.522,0.85
2026-08-09T02:45:00+00:00,hvac_01,20.458,61.46,4.598,2.531,0.893
2026-08-09T03:00:00+00:00,hvac_01,20.184,59.308,4.427,2.521,0.859
2026-08-09T03:15:00+00:00,hvac_01,20.276,61.417,4.565,2.545,0.882
2026-08-09T03:30:00+00:00,hvac_01,20.422,60.383,4.57,2.524,0.856
2026-08-09T03:45:00+00:00,hvac_01,20.454,59.627,4.512,2.538,0.81
2026-08-09T04:00:00+00:00,hvac_01,20.959,59.902,4.488,2.542,0.811
2026-08-09T04:15:00+00:00,hvac_01,20.735,60.122,4.314,2.499,0.871
2026-08-09T04:30:00+00:00,hvac_01,20.828,59.792,4.214,2.515,0.814
2026-08-09T04:45:00+00:00,hvac_01,21.004,57.467,4.412,2.506,0.847
2026-08-09T05:00:00+00:00,hvac_01,21.063,57.923,4.664,2.51,0.897
2026-08-09T05:15:00+00:00,hvac_01,21.636,56.8,4.411,2.488,0.831
2026-08-09T05:30:00+00:00,hvac_01,21.555,57.726,4.39,2.537,0.844
2026-08-09T05:45:00+00:00,hvac_01,21.414,56.683,4.127,2.495,0.76
2026-08-09T06:00:00+00:00,hvac_01,21.523,55.766,4.165,2.491,0.847
2026-08-09T06:15:00+00:00,hvac_01,21.448,55.11,4.658,2.487,0.902
2026-08-09T06:30:00+00:00,hvac_01,22.338,54.771,4.477,2.488,0.871
2026-08-09T06:45:00+00:00,hvac_01,22.32,53.595,4.328,2.467,0.784
2026-08-09T07:00:00+00:00,hvac_01,22.509,52.957,4.504,2.473,0.802
2026-08-09T07:15:00+00:00,hvac_01,22.33,54.451,4.36,2.48,0.837
2026-08-09T07:30:00+00:00,hvac_01,22.409,54.151,4.331,2.505,0.888
2026-08-09T07:45:00+00:00,hvac_01,22.5,53.082,4.191,2.476,0.855
2026-08-09T08:00:00+00:00,hvac_01,21.403,51.549,1.108,2.479,0.877
2026-08-09T08:15:00+00:00,hvac_01,21.524,51.41,1.171,2.448,0.834
2026-08-09T08:30:00+00:00,hvac_01,21.539,50.977,1.348,2.471,0.895
2026-08-09T08:45:00+00:00,hvac_01,21.579,50.22,1.221,2.479,0.817
2026-08-09T09:00:00+00:00,hvac_01,21.758,50.29,1.311,2.448,0.895
2026-08-09T09:15:00+00:00,hvac_01,21.524,48.589,1.122,2.472,0.796
2026-08-09T09:30:00+00:00,hvac_01,21.764,49.212,1.429,2.485,0.904
2026-08-09T09:45:00+00:00,hvac_01,21.924,49.439,1.51,2.487,0.907
2026-08-09T10:00:00+00:00,hvac_01,22.057,49.692,1.271,2.45,0.788
2026-08-09T10:15:00+00:00,hvac_01,22.333,48.614,1.145,2.478,0.88
2026-08-09T10:30:00+00:00,hvac_01,22.7,48.32,1.575,2.481,0.874
2026-08-09T10:45:00+00:00,hvac_01,22.403,48.815,1.343,2.5,0.772
2026-08-09T11:00:00+00:00,hvac_01,22.38,48.675,1.353,2.488,0.852
2026-08-09T11:15:00+00:00,hvac_01,22.493,48.274,1.49,2.497,0.813
2026-08-09T11:30:00+00:00,hvac_01,22.829,46.145,1.669,2.494,0.91
2026-08-09T11:45:00+00:00,hvac_01,22.535,46.847,1.338,2.505,0.865
2026-08-09T12:00:00+00:00,hvac_01,22.576,45.487,1.305,2.5,0.784
2026-08-09T12:15:00+00:00,hvac_01,23.016,47.776,1.715,2.488,0.89
2026-08-09T12:30:00+00:00,hvac_01,22.619,46.384,1.477,2.526,0.853
2026-08-09T12:45:00+00:00,hvac_01,22.474,44.464,1.303,2.536,0.837
2026-08-09T13:00:00+00:00,hvac_01,22.584,46.859,1.612,2.514,0.882
2026-08-09T13:15:00+00:00,hvac_01,23.089,47.494,1.418,2.522,0.9
2026-08-09T13:30:00+00:00,hvac_01,22.836,47.265,1.592,2.521,0.87
2026-08-09T13:45:00+00:00,hvac_01,22.947,46.557,1.542,2.537,0.904
2026-08-09T14:00:00+00:00,hvac_01,22.719,47.685,1.218,2.537,0.802
2026-08-09T14:15:00+00:00,hvac_01,22.6,46.977,1.314,2.559,0.85
2026-08-09T14:30:00+00:00,hvac_01,22.541,47.999,1.357,2.54,0.902
2026-08-09T14:45:00+00:00,hvac_01,22.703,47.082,1.517,2.57,0.951
2026-08-09T15:00:00+00:00,hvac_01,21.973,47.952,1.183,2.529,0.77
2026-08-09T15:15:00+00:00,hvac_01,22.332,48.459,1.291,2.532,0.94
2026-08-09T15:30:00+00:00,hvac_01,22.401,47.972,1.299,2.521,0.91
2026-08-09T15:45:00+00:00,hvac_01,22.718,48.771,1.506,2.521,0.886
2026-08-09T16:00:00+00:00,hvac_01,22.401,48.271,1.56,2.541,0.857
2026-08-09T16:15:00+00:00,hvac_01,21.844,47.975,1.214,2.51,0.802
2026-08-09T16:30:00+00:00,hvac_01,22.212,48.918,1.284,2.523,0.817
2026-08-09T16:45:00+00:00,hvac_01,21.848,49.847,0.915,2.532,0.765
2026-08-09T17:00:00+00:00,hvac_01,21.72,50.126,1.332,2.53,0.851
2026-08-09T17:15:00+00:00,hvac_01,21.428,49.951,1.142,2.512,0.858
2026-08-09T17:30:00+00:00,hvac_01,21.584,50.964,1.174,2.487,0.836
2026-08-09T17:45:00+00:00,hvac_01,21.08,51.851,1.199,2.491,0.836
2026-08-09T18:00:00+00:00,hvac_01,21.255,51.871,1.516,2.496,0.967
2026-08-09T18:15:00+00:00,hvac_01,20.928,52.776,1.005,2.507,0.757
2026-08-09T18:30:00+00:00,hvac_01,21.012,51.585,1.375,2.493,0.864
2026-08-09T18:45:00+00:00,hvac_01,21.066,53.124,1.242,2.471,0.84
2026-08-09T19:00:00+00:00,hvac_01,20.336,54.364,1.353,2.48,0.854
2026-08-09T19:15:00+00:00,hvac_01,20.763,54.446,1.086,2.481,0.807
2026-08-09T19:30:00+00:00,hvac_01,20.343,53.803,1.197,2.471,0.855
2026-08-09T19:45:00+00:00,hvac_01,20.225,56.097,0.979,2.48,0.805
2026-08-09T20:00:00+00:00,hvac_01,20.216,56.132,1.242,2.477,0.864
2026-08-09T20:15:00+00:00,hvac_01,20.045,56.015,1.174,2.485,0.776
2026-08-09T20:30:00+00:00,hvac_01,19.604,55.919,1.147,2.477,0.886
2026-08-09T20:45:00+00:00,hvac_01,19.767,57.438,1.271,2.459,0.791
2026-08-09T21:00:00+00:00,hvac_01,19.721,57.077,1.169,2.462,0.788
2026-08-09T21:15:00+00:00,hvac_01,19.789,58.647,1.068,2.478,0.833
2026-08-09T21:30:00+00:00,hvac_01,19.326,58.183,1.194,2.461,0.833
2026-08-09T21:45:00+00:00,hvac_01,19.019,57.762,1.293,2.466,0.804
2026-08-09T22:00:00+00:00,hvac_01,19.172,56.875,1.38,2.458,0.859
2026-08-09T22:15:00+00:00,hvac_01,19.232,60.315,1.333,2.47,0.866
2026-08-09T22:30:00+00:00,hvac_01,18.971,60.405,1.417,2.464,0.865
2026-08-09T22:45:00+00:00,hvac_01,19.157,61.25,1.427,2.486,0.865
2026-08-09T23:00:00+00:00,hvac_01,18.688,60.908,1.21,2.475,0.814
2026-08-09T23:15:00+00:00,hvac_01,18.816,59.571,1.387,2.5,0.925
2026-08-09T23:30:00+00:00,hvac_01,18.774,60.939,1.034,2.479,0.821
2026-08-09T23:45:00+00:00,hvac_01,19.155,60.564,1.292,2.488,0.833
2026-08-10T00:00:00+00:00,hvac_01,18.933,60.801,1.417,2.501,0.85
2026-08-10T00:15:00+00:00,hvac_01,18.587,61.676,1.313,2.494,0.899
2026-08-10T00:30:00+00:00,hvac_01,18.648,61.222,1.049,2.513,0.865
2026-08-10T00:45:00+00:00,hvac_01,18.781,62.163,1.285,2.516,0.856
2026-08-10T01:00:00+00:00,hvac_01,18.372,61.124,1.423,2.521,0.895
2026-08-10T01:15:00+00:00,hvac_01,18.372,60.79,1.253,2.543,0.848
2026-08-10T01:30:00+00:00,hvac_01,18.398,62.906,1.286,2.505,0.876
2026-08-10T01:45:00+00:00,hvac_01,17.843,61.542,1.308,2.539,0.76
2026-08-10T02:00:00+00:00,hvac_01,18.628,61.072,1.245,2.539,0.929
2026-08-10T02:15:00+00:00,hvac_01,18.895,61.527,1.024,2.527,0.872
2026-08-10T02:30:00+00:00,hvac_01,18.856,60.446,1.384,2.547,0.884
2026-08-10T02:45:00+00:00,hvac_01,18.817,60.77,1.445,2.535,0.84
2026-08-10T03:00:00+00:00,hvac_01,18.806,58.435,1.226,2.519,0.813
2026-08-10T03:15:00+00:00,hvac_01,19.321,60.311,1.087,2.542,0.864
2026-08-10T03:30:00+00:00,hvac_01,19.052,60.246,1.162,2.525,0.894
2026-08-10T03:45:00+00:00,hvac_01,19.381,59.124,1.261,2.511,0.853
2026-08-10T04:00:00+00:00,hvac_01,19.188,58.933,1.329,2.529,0.908
2026-08-10T04:15:00+00:00,hvac_01,19.165,58.117,1.395,2.53,0.86
2026-08-10T04:30:00+00:00,hvac_01,19.63,59.013,1.537,2.544,0.792
2026-08-10T04:45:00+00:00,hvac_01,19.401,59.186,1.397,2.509,0.845
2026-08-10T05:00:00+00:00,hvac_01,19.641,56.896,1.104,2.508,0.787
2026-08-10T05:15:00+00:00,hvac_01,19.884,55.64,1.385,2.531,0.846
2026-08-10T05:30:00+00:00,hvac_01,20.051,57.309,1.578,2.509,0.846
2026-08-10T05:45:00+00:00,hvac_01,20.008,56.042,1.259,2.505,0.801
2026-08-10T06:00:00+00:00,hvac_01,19.808,53.912,1.321,2.499,0.874
2026-08-10T06:15:00+00:00,hvac_01,20.311,55.504,1.185,2.492,0.834
2026-08-10T06:30:00+00:00,hvac_01,20.113,55.523,1.281,2.463,0.851
2026-08-10T06:45:00+00:00,hvac_01,20.024,54.619,1.446,2.486,0.841
2026-08-10T07:00:00+00:00,hvac_01,21.747,52.673,3.873,2.497,1.098
2026-08-10T07:15:00+00:00,hvac_01,21.81,51.723,3.836,2.483,1.143
2026-08-10T07:30:00+00:00,hvac_01,22.179,50.846,3.898,2.483,1.128
2026-08-10T07:45:00+00:00,hvac_01,22.064,50.981,3.909,2.472,1.089
2026-08-10T08:00:00+00:00,hvac_01,22.343,49.892,4.293,2.472,1.196
2026-08-10T08:15:00+00:00,hvac_01,22.361,49.65,4.028,2.482,1.148
2026-08-10T08:30:00+00:00,hvac_01,22.489,49.8,3.987,2.454,1.14
2026-08-10T08:45:00+00:00,hvac_01,22.72,49.653,4.107,2.447,1.125
2026-08-10T09:00:00+00:00,hvac_01,22.846,48.256,4.343,2.48,1.264
2026-08-10T09:15:00+00:00,hvac_01,22.931,48.307,4.056,2.466,1.097
2026-08-10T09:30:00+00:00,hvac_01,23.015,47.049,3.856,2.467,1.122
2026-08-10T09:45:00+00:00,hvac_01,22.779,45.716,4.071,2.465,1.091
2026-08-10T10:00:00+00:00,hvac_01,23.009,46.175,3.968,2.465,1.104
2026-08-10T10:15:00+00:00,hvac_01,23.892,48.2,4.403,2.482,1.152
2026-08-10T10:30:00+00:00,hvac_01,23.183,46.144,4.265,2.479,1.226
2026-08-10T10:45:00+00:00,hvac_01,23.24,46.731,4.253,2.475,1.144
2026-08-10T11:00:00+00:00,hvac_01,23.577,45.771,4.591,2.457,1.219
2026-08-10T11:15:00+00:00,hvac_01,23.618,45.814,4.328,2.479,1.139
2026-08-10T11:30:00+00:00,hvac_01,23.51,45.55,4.125,2.491,1.183
2026-08-10T11:45:00+00:00,hvac_01,23.631,45.436,4.404,2.494,1.253
2026-08-10T12:00:00+00:00,hvac_01,23.923,44.843,4.473,2.508,1.185
2026-08-10T12:15:00+00:00,hvac_01,23.774,43.842,4.795,2.497,1.211
2026-08-10T12:30:00+00:00,hvac_01,23.47,43.984,4.469,2.499,1.199
2026-08-10T12:45:00+00:00,hvac_01,23.841,44.961,4.524,2.527,1.16
2026-08-10T13:00:00+00:00,hvac_01,23.914,43.377,4.456,2.516,1.112
2026-08-10T13:15:00+00:00,hvac_01,23.76,44.008,4.319,2.504,1.142
2026-08-10T13:30:00+00:00,hvac_01,23.891,44.521,4.576,2.521,1.164
2026-08-10T13:45:00+00:00,hvac_01,23.697,45.258,4.494,2.525,1.212
2026-08-10T14:00:00+00:00,hvac_01,23.784,46.558,4.411,2.524,1.154
2026-08-10T14:15:00+00:00,hvac_01,24.176,45.413,5.1,2.542,1.265
2026-08-10T14:30:00+00:00,hvac_01,31.68,45.432,8.988,2.155,3.365
2026-08-10T14:45:00+00:00,hvac_01,31.508,44.176,8.809,2.2,3.356
2026-08-10T15:00:00+00:00,hvac_01,31.641,43.461,8.908,2.187,3.349
2026-08-10T15:15:00+00:00,hvac_01,31.033,45.988,8.737,2.177,3.372
2026-08-10T15:30:00+00:00,hvac_01,23.572,46.412,4.463,2.535,1.153
2026-08-10T15:45:00+00:00,hvac_01,23.166,46.251,4.268,2.529,1.114
2026-08-10T16:00:00+00:00,hvac_01,23.457,48.829,4.53,2.544,1.233
2026-08-10T16:15:00+00:00,hvac_01,22.968,46.897,4.251,2.522,1.146
2026-08-10T16:30:00+00:00,hvac_01,22.758,47.369,3.956,2.525,1.137
2026-08-10T16:45:00+00:00,hvac_01,22.698,48.597,3.804,2.539,1.09
2026-08-10T17:00:00+00:00,hvac_01,22.604,49.54,4.187,2.516,1.171
2026-08-10T17:15:00+00:00,hvac_01,22.728,46.585,4.269,2.519,1.148
2026-08-10T17:30:00+00:00,hvac_01,22.515,49.078,3.933,2.502,1.176
2026-08-10T17:45:00+00:00,hvac_01,22.375,49.658,3.771,2.51,1.171
2026-08-10T18:00:00+00:00,hvac_01,22.108,50.201,3.906,2.515,1.096
2026-08-10T18:15:00+00:00,hvac_01,22.219,50.25,3.976,2.514,1.118
2026-08-10T18:30:00+00:00,hvac_01,21.963,50.734,3.492,2.499,1.005
2026-08-10T18:45:00+00:00,hvac_01,22.226,50.095,3.912,2.483,1.099
2026-08-10T19:00:00+00:00,hvac_01,20.487,54.937,1.18,2.487,0.901
2026-08-10T19:15:00+00:00,hvac_01,21.012,55.508,1.193,2.439,0.877
2026-08-10T19:30:00+00:00,hvac_01,20.558,54.237,1.324,2.468,0.82
2026-08-10T19:45:00+00:00,hvac_01,20.106,55.985,1.056,2.457,0.795
2026-08-10T20:00:00+00:00,hvac_01,20.108,56.069,1.321,2.469,0.807
2026-08-10T20:15:00+00:00,hvac_01,19.998,55.703,1.263,2.473,0.862
2026-08-10T20:30:00+00:00,hvac_01,20.151,55.74,1.204,2.476,0.785
2026-08-10T20:45:00+00:00,hvac_01,19.937,56.963,1.31,2.469,0.857
2026-08-10T21:00:00+00:00,hvac_01,19.7,56.91,1.246,2.485,0.82
2026-08-10T21:15:00+00:00,hvac_01,19.686,57.718,1.208,2.483,0.826
2026-08-10T21:30:00+00:00,hvac_01,19.383,59.205,1.357,2.448,0.897
2026-08-10T21:45:00+00:00,hvac_01,19.512,58.42,1.254,2.454,0.828
2026-08-10T22:00:00+00:00,hvac_01,19.191,59.325,1.197,2.462,0.843
2026-08-10T22:15:00+00:00,hvac_01,19.439,59.882,1.079,2.487,0.774
2026-08-10T22:30:00+00:00,hvac_01,18.981,59.004,1.204,2.497,0.729
2026-08-10T22:45:00+00:00,hvac_01,18.786,58.936,1.419,2.502,0.868
2026-08-10T23:00:00+00:00,hvac_01,19.154,58.228,1.287,2.489,0.867
2026-08-10T23:15:00+00:00,hvac_01,18.677,60.409,1.149,2.489,0.809
2026-08-10T23:30:00+00:00,hvac_01,18.824,60.673,1.145,2.497,0.828
2026-08-10T23:45:00+00:00,hvac_01,18.434,63.089,1.26,2.49,0.843
2026-08-11T00:00:00+00:00,hvac_01,18.608,59.696,0.917,2.523,0.809
2026-08-11T00:15:00+00:00,hvac_01,18.708,61.306,1.183,2.483,0.856
2026-08-11T00:30:00+00:00,hvac_01,18.262,60.28,1.312,2.511,0.835
2026-08-11T00:45:00+00:00,hvac_01,19.109,62.015,1.576,2.507,0.881
2026-08-11T01:00:00+00:00,hvac_01,18.856,62.352,1.247,2.501,0.792
2026-08-11T01:15:00+00:00,hvac_01,18.664,60.383,1.383,2.535,0.887
2026-08-11T01:30:00+00:00,hvac_01,18.227,62.727,1.274,2.496,0.826
2026-08-11T01:45:00+00:00,hvac_01,18.355,61.471,1.202,2.522,0.837
2026-08-11T02:00:00+00:00,hvac_01,18.41,60.126,1.067,2.513,0.807
2026-08-11T02:15:00+00:00,hvac_01,18.889,61.635,1.254,2.536,0.88
2026-08-11T02:30:00+00:00,hvac_01,18.798,62.034,1.241,2.531,0.882
2026-08-11T02:45:00+00:00,hvac_01,18.679,60.187,0.995,2.534,0.815
2026-08-11T03:00:00+00:00,hvac_01,19.035,61.33,1.266,2.516,0.762
2026-08-11T03:15:00+00:00,hvac_01,19.054,60.544,1.272,2.533,0.83
2026-08-11T03:30:00+00:00,hvac_01,18.579,58.667,1.429,2.555,0.831
2026-08-11T03:45:00+00:00,hvac_01,18.71,57.793,1.016,2.532,0.859
2026-08-11T04:00:00+00:00,hvac_01,19.315,59.852,1.193,2.538,0.803
2026-08-11T04:15:00+00:00,hvac_01,19.384,60.258,1.006,2.549,0.82
2026-08-11T04:30:00+00:00,hvac_01,19.101,58.417,1.22,2.514,0.799
2026-08-11T04:45:00+00:00,hvac_01,19.882,58.238,1.25,2.511,0.802
2026-08-11T05:00:00+00:00,hvac_01,19.539,59.347,1.453,2.536,0.887
2026-08-11T05:15:00+00:00,hvac_01,19.736,57.901,1.117,2.55,0.856
2026-08-11T05:30:00+00:00,hvac_01,19.592,56.289,0.974,2.502,0.811
2026-08-11T05:45:00+00:00,hvac_01,20.345,58.08,1.284,2.5,0.819
2026-08-11T06:00:00+00:00,hvac_01,19.841,56.666,1.258,2.523,0.874
2026-08-11T06:15:00+00:00,hvac_01,20.178,55.709,0.943,2.502,0.835
2026-08-11T06:30:00+00:00,hvac_01,20.384,53.726,1.47,2.477,0.867
2026-08-11T06:45:00+00:00,hvac_01,20.571,55.273,1.204,2.465,0.914
2026-08-11T07:00:00+00:00,hvac_01,22.001,52.164,3.884,2.457,1.173
2026-08-11T07:15:00+00:00,hvac_01,22.189,51.646,3.695,2.461,1.067
2026-08-11T07:30:00+00:00,hvac_01,21.81,51.216,3.959,2.464,1.145
2026-08-11T07:45:00+00:00,hvac_01,22.137,52.171,3.77,2.455,1.086
2026-08-11T08:00:00+00:00,hvac_01,22.315,49.941,3.971,2.476,1.136
2026-08-11T08:15:00+00:00,hvac_01,22.433,49.369,4.023,2.473,1.11
2026-08-11T08:30:00+00:00,hvac_01,22.361,50.101,3.95,2.457,1.103
2026-08-11T08:45:00+00:00,hvac_01,22.177,49.613,3.829,2.46,1.126
2026-08-11T09:00:00+00:00,hvac_01,22.56,50.128,4.134,2.458,1.137
2026-08-11T09:15:00+00:00,hvac_01,22.865,49.333,4.146,2.472,1.124
2026-08-11T09:30:00+00:00,hvac_01,22.48,48.939,3.97,2.474,1.116
2026-08-11T09:45:00+00:00,hvac_01,23.392,47.979,4.3,2.463,1.179
2026-08-11T10:00:00+00:00,hvac_01,22.939,47.59,4.207,2.464,1.123
2026-08-11T10:15:00+00:00,hvac_01,23.071,46.607,4.226,2.468,1.19
2026-08-11T10:30:00+00:00,hvac_01,23.554,45.762,4.415,2.453,1.172
2026-08-11T10:45:00+00:00,hvac_01,23.481,46.05,4.426,2.482,1.161
2026-08-11T11:00:00+00:00,hvac_01,23.466,43.702,4.384,2.47,1.174
2026-08-11T11:15:00+00:00,hvac_01,23.609,45.38,4.539,2.495,1.214
2026-08-11T11:30:00+00:00,hvac_01,23.752,44.939,4.288,2.508,1.184
2026-08-11T11:45:00+00:00,hvac_01,23.435,46.904,4.344,2.476,1.196
2026-08-11T12:00:00+00:00,hvac_01,23.78,46.338,4.435,2.508,1.221
2026-08-11T12:15:00+00:00,hvac_01,23.772,43.945,4.569,2.512,1.179
2026-08-11T12:30:00+00:00,hvac_01,23.671,46.056,4.455,2.513,1.173
2026-08-11T12:45:00+00:00,hvac_01,23.718,45.329,4.302,2.48,1.168
2026-08-11T13:00:00+00:00,hvac_01,23.909,44.902,4.392,2.516,1.23
2026-08-11T13:15:00+00:00,hvac_01,23.859,45.246,4.522,2.515,1.182
2026-08-11T13:30:00+00:00,hvac_01,23.848,46.184,4.756,2.534,1.244
2026-08-11T13:45:00+00:00,hvac_01,23.951,45.09,4.145,2.518,1.19
2026-08-11T14:00:00+00:00,hvac_01,23.921,46.349,4.559,2.545,1.203
2026-08-11T14:15:00+00:00,hvac_01,23.276,45.032,4.201,2.531,1.167
2026-08-11T14:30:00+00:00,hvac_01,23.598,47.639,4.261,2.532,1.172
2026-08-11T14:45:00+00:00,hvac_01,23.459,45.586,4.116,2.536,1.139
2026-08-11T15:00:00+00:00,hvac_01,23.49,46.457,4.09,2.531,1.169
2026-08-11T15:15:00+00:00,hvac_01,23.199,45.415,4.154,2.545,1.162
2026-08-11T15:30:00+00:00,hvac_01,23.507,46.201,4.377,2.535,1.213
2026-08-11T15:45:00+00:00,hvac_01,23.579,46.816,4.55,2.531,1.173
2026-08-11T16:00:00+00:00,hvac_01,23.376,46.906,4.27,2.538,1.171
2026-08-11T16:15:00+00:00,hvac_01,23.119,47.858,4.208,2.535,1.14
2026-08-11T16:30:00+00:00,hvac_01,23.062,48.706,4.26,2.537,1.203
2026-08-11T16:45:00+00:00,hvac_01,22.66,48.788,4.132,2.534,1.244
2026-08-11T17:00:00+00:00,hvac_01,22.812,49.438,4.155,2.495,1.196
2026-08-11T17:15:00+00:00,hvac_01,22.35,48.492,3.985,2.519,1.15
2026-08-11T17:30:00+00:00,hvac_01,22.7,51.236,4.266,2.53,1.164
2026-08-11T17:45:00+00:00,hvac_01,22.507,50.935,3.897,2.502,1.141
2026-08-11T18:00:00+00:00,hvac_01,22.291,51.326,3.776,2.507,1.149
2026-08-11T18:15:00+00:00,hvac_01,22.529,51.565,4.068,2.501,1.196
2026-08-11T18:30:00+00:00,hvac_01,22.252,51.725,3.874,2.489,1.169
2026-08-11T18:45:00+00:00,hvac_01,21.816,52.201,3.743,2.489,1.117
2026-08-11T19:00:00+00:00,hvac_01,20.277,54.314,0.954,2.49,0.826
2026-08-11T19:15:00+00:00,hvac_01,20.069,55.392,1.192,2.49,0.83
2026-08-11T19:30:00+00:00,hvac_01,20.51,54.13,1.109,2.449,0.833
2026-08-11T19:45:00+00:00,hvac_01,20.434,56.879,1.511,2.483,0.954
2026-08-11T20:00:00+00:00,hvac_01,20.047,57.161,1.457,2.484,0.892
2026-08-11T20:15:00+00:00,hvac_01,20.177,55.159,1.395,2.469,0.869
2026-08-11T20:30:00+00:00,hvac_01,19.948,58.727,1.236,2.446,0.848
2026-08-11T20:45:00+00:00,hvac_01,19.843,58.983,1.109,2.439,0.773
2026-08-11T21:00:00+00:00,hvac_01,19.498,59.72,1.29,2.481,0.898
2026-08-11T21:15:00+00:00,hvac_01,19.781,59.975,1.24,2.46,0.851
2026-08-11T21:30:00+00:00,hvac_01,19.511,59.208,1.144,2.473,0.935
2026-08-11T21:45:00+00:00,hvac_01,19.495,59.063,1.189,2.477,0.875
2026-08-11T22:00:00+00:00,hvac_01,19.025,60.601,1.205,2.476,0.88
2026-08-11T22:15:00+00:00,hvac_01,18.913,59.832,1.639,2.464,0.885
2026-08-11T22:30:00+00:00,hvac_01,19.035,59.82,1.488,2.478,0.839
2026-08-11T22:45:00+00:00,hvac_01,18.947,61.161,1.261,2.478,0.746
2026-08-11T23:00:00+00:00,hvac_01,18.894,59.902,1.295,2.483,0.917
2026-08-11T23:15:00+00:00,hvac_01,18.843,63.309,1.48,2.496,0.843
2026-08-11T23:30:00+00:00,hvac_01,18.954,63.094,1.464,2.479,0.949
2026-08-11T23:45:00+00:00,hvac_01,18.56,62.106,1.288,2.495,0.907
